表9—9  全国市1989年育龄妇女分年龄、文化程度和孩次的生育状况,,,,,,,,,,,,,
,,,,,,,,,,,,,
    单位：人、‰,,,,,,,,,,,,,
,,,,,,,,,,,,,
,,,,    第一孩,,    第二孩,,    第三孩,,    第四孩,,    第五孩及以上,
    文化程度,  1989年年中,  出生,  生育率,,,,,,,,,,
    和年龄别,  妇女人数,  人数,,,,,,,,,,,
,,,,  出生数,    生育率,  出生数,  生育率,  出生数,  生育率,  出生数,  生育率,  出生数,  生育率
总计,    60 799 793,    3 294 515,    54.19,    2 349 735,    38.65,    687 938,    11．31,    178 118,    2.93,    52 252,    0．86,    26 472,    0.44
15-19岁,    10 576 218,    99 813,    9.44,    91 832,    8.68,    7 575,    0．72,    367,    0．03,    28,    0.00,    11,    0.00
  15,    1 704 892,    440,    0.26,    418,    0．25,    15,    0.01,    4,    0.00,    1,    0．00,    2,    0.00
  16,    2 007 265,    2 057,    1.02,    1 976,    0.98,    79,    0.04,    1,    0.00,    1,    0.00,-,-
  17,    2 138 030,    7 897,    3.69,    7 554,    3.53,    326,    0.15,    12,    0.01,    4,    0．00,    1,    0．00
  18,    2 342 198,    24 835,    10.60,    23 132,    9.88,    1 635,    0．70,    64,    0．03,    1,    0.00,    3,    0.00
  19,    2 383 833,    64 584,    27.09,    58 752,    24.65,    5 520,    2.32,    286,    0.12,    21,    0.01,    5,    0.00
20-24岁,    11 112 518,    1 551 259,    139.60,    1 293 937,    116.44,  222 840,    20.05,    30 676,    2.76,    3 394,    0.31,    412,    0.04
  20,    2 521 358,    154 671,    61.34,    138 413,    54.90,    15 113,    5.99,    1 062,    0.42,    76,    0．03,    7,    0．00
  21,    2 180 663,    224 200,    102.81,    195 084,    89.46,    26 605,    12.20,    2 284,    1.05,    202,    0.09,    25,    0.01
  22,    1 890 413,    278 946,    147.56,    230 967,    122.18,    42 753,    22.62,    4 761,    2.52,    420,    0.22,    45,    0.02
  23,    2 204 921,    423 287,    191.97,    348 497,    158.05,    64 615,    29.30,    9 099,    4.13,    968,    0.44,    108,    0.05
  24,    2 315 163,    470 155,    203.08,    380 976,    164.56,    73 754,    31.86,    13 470,5.82,    1 728,    0.75,    227,    0.10
25-29岁,    10 431 830,    1 232 154,    118.11,    855 093,    81.97,    273 925,    26.26,    80 408,    7.71,    18 685,    1.79,    4 043,    0.39
  25,    2 687 590,    454 544,    169.13,    353 711,    131.61,    79 076,    29.42,    18 412,    6.85,    2 931,    1.09,    414,    0．15
  26,    2 863 531,    388 927,    135.82,    277 630,    96.95,    82 429,    28.79,    23 473,    8.20,    4 621,    1.61,    774,    0.27
  27,    1 617 769,    175 625,    108.56,    110 594,    68.36,    44 589,    27.56,    15 764,    9.74,    3 839,    2.37,    839,    0.52
  28,    1 477 913,    109 554,    74.13,    65 082,    44.04,    30 093,    20.36,    10 456,    7.07,    3 144,    2.13,    779,    0．53
  29,    1 785 027,    103 504,    57.98,    48 076,    26.93,    37 738,    21.14,    12 303,    6.89,    4 150,    2.32,    1 237,    0.69
30-34岁,    9 858 846,    315 355,    31.99,    90 530,    9.18,    145 960,    14.80,    48 780,    4.95,    19 601,    1.99,    10 484,    1.06
  30,    1 689 725,    80 138,    47.43,    28 476,    16.85,    34 777,    20.58,    11 279,    6.68,    4 039,    2.39,    1 567,    0．93
  31,    2 155 293,    82 761,    38.40,    24 676,    11.45,    38 682,    17.95,    12 398,    5.75,    4 878,    2.26,    2 127,    0.99
  32,    2 017 129,    63 566,    31.51,    16 799,    8.33,    30 386,    15.06,    10 017,    4.97,    4 174,    2.07,    2 190,    1.09
  33,    1 939 932,    48 742,    25.13,    11863,    6.12,    23 288,    12.00,    8 007,    4.13,    3 377,    1.74,    2 207,    1.14
  34,    2 056 767,    40 148,    19.52,    8 716,    4.24,    18 827,    9.15,    7 079,    3.44,    3 133,    1.52,    2 393,    1.16
35-39岁,    8 370 275,    81 987,    9.80,    16 113,    1.93,    34 716,    4.15,    15 193,    1.82,    7 987,    0.95,    7 978,    0.95
  35,    1 941 240,    29 355,    15.12,    6 029,    3.11,    1 3 620,    7.02,    5 168,    2.66,    2 451,    1.26,    2 087,    1.08
  36,    1 754 777,    20 910,    11.92,    4 003,    2.28,    9 246,    5.27,    3 894,    2.22,    1 906,    1.09,    1 861,    1.06
  37,    1 681 394,    14 946,    8.89,    2 847,    1.69,    6 038,    3.59,    2 897,    1.72,    1 560,    0.93,    1 604,    0.95
  38,    1 480 873,    9 823,    6.63,    1 879,    1.27,    3 620,    2.44,    1 897,    1.28,    1 170,    0.79,    1 257,    0.85
  39,    1 511 991,    6 953,    4.60,    1 355,    0.90,    2 192,    1.45,    1 337,    0.88,    900,    0.60,    1 169,    0.77
40-44岁,    5 632 132,    10 957,    1.95,    1 969,    0.35,    2 450,    0．44,    2 057,    0．37,    1 825,    0.32,    2 656,    0.47
  40,    1 254 016,    3 865,    3.08,    788,    0.63,    988,    0.79,    760,    0.61,    569,    0.45,    760,    0.61
  41,    1 183 623,    2 711,    2.29,    501,    0．42,    614,    0.52,    502,    0.42,    454,    0.38,    640,    0.54
  42,    1 145 407,    1 950,    1.70,    326,    0.28,    411,    0.36,    368,    0.32,    343,    0．30,    502,    0.44
  43,    1 053 817,    1 412,    1.34,    208,    0.20,    257,    0.24,    254,    0．24,    265,    0.25,    428,    0．41
  44,    995 269,    1 019,    1.02,    146,    0．15,    180,    0.18,    173,    0.17,    194,    0.19,    326,    0.33
,,,,,,,,,,,,,
,,,,,,,,,,,,,
,,,,,,,,,,,,,
    单位：人、‰,,,,,,,,,,,,,
,,,,,,,,,,,,,
,,,,    第一孩,,    第二孩,,    第三孩,,    第四孩,,    第五孩及以上,
    文化程度,  1989年年中,    出生,    生育率,,,,,,,,,,
    和年龄别,  妇女人数,    人数,,,,,,,,,,,
,,,,  出生数,    生育率,  出生数,  生育率,  出生数,  生育率,  出生数,  生育率,  出生数,  生育率
  45-49岁,    4 817 974,    2 990,    0.62,    261,    0.05,    472,    0.10,    637,    0.13,    732,    0.15,    888,    0.18
    45,    941 983,    748,    0.79,    84,    0.09,    131,    0.14,    130,    0.14,    162,    0.17,    241,    0.26
    46,    941 619,    653,    0.69,    54,    0.06,    108,    0．11,    149,    0.16,    139,    0.15,    203,    0.22
    47,    976 436,    595,    0.61,    55,    0.06,    95,    0．10,    134,    0．14,    140,    0.14,    171,    0．18
    48,    981 080,    512,    0.52,    44,    0．04,    77,    0.08,    124,    0.13,    129,    0.13,    138,    0.14
    49,    976 856,    482,    0.49,    24,    0.02,    61,    0.06,    100,    0.10,    162,    0.17,    135,    0.14
文盲、半文盲,    4 046 265,    173 231,    42.81,    53 438,    13.21,    60 914,    15.05,    32 374,    8.00,    15 128,    3.74,    11 377,    2.81
  15-19岁,    182 421,    8 373,    45.90,    7 123,    39.05,    1 172,6.42,    72,    0.39,    3,    0.02,    3,    0.02
    15,    30 568,    54,    1.77,    53,    1.73,    1,    0.03,-,-,-,-,-,-
    16,    33 593,    253,    7.53,    234,    6.97,    19,    0.57,-,-,-,-,-,-
    17,    35 490,    867,    24.43,    801,    22.57,    61,    1.72,    5,    0.14,-,-,-,-
    18,    39 892,    2 333,    58.48,    2 046,    51.29,    270,    6.77,    17,    0.43,-,-,-,-
    19,    42 878,    4 866,    113.48,    3 989,    93.03,    821,    19.15,    50,    1.17,    3,    0.07,    3,    0.07
  20-24岁,    260 523,    61 235,    235.05,    33 541,    128.74,    21 277,    81.67,    5 419,    20.80,    860,    3.30,    138,    0.53
    20,    47 577,    8 702,    182.90,    6 592,    138.55,    1 861,    39.12,    230,    4.83,    19,    0.40,-,-
    21,    47 813,    11 091,    231.97,    7 382,    154.39,    3 135,    65.57,    501,    10.48,    64,    1.34,    9,    0.19
    22,    48 818,    12 516,    256.38,    7 082,    145.07,    4 391,    89.95,    910,    18.64,    115,    2.36,    18,    0.37
    23,    57 622,    14 933,    259.15,    7 142,    123.95,    5 873,    101.92,    1 652,    28.67,    229,    3.97,    37,    0.64
    24,    58 693,    13 993,    238.41,    5 343,    91.03,    6 017,    102.52,    2 126,    36.22,    433,    7.38,    74,    1.26
  25-29岁,    318 848,    48 710,    152.77,    9 519,    29.85,    20 562,    64.49,    12 437,    39.01,    4 801,    15.06,    1 391,    4.36
    25,    63 154,    12 995,    205.77,    3 751,    59.39,    5 702,    90.29,    2 723,    43.12,    707,    11.19,    112,    1.77
    26,    76 493,    13 436,    175.65,    2 779,36.33,    6 026,    78.78,    3 319,    43.39,    1 067,    13.95,    245,    3.20
    27,    57 072,    8 770,    153.67,    1 426,    24.99,    3 617,    63.38,    2 501,    43.82,    960,    16.82,    266,    4.66
    28,    49 539,    6 102,    123.18,    783,    15.81,    2 352,    47.48,    1 791,    36.15,    879,    17.74,    297,    6.00
    29,    72 590,    7 407,    102.04,    780,    10.75,    2 865,    39.47,    2 103,    28.97,    1 188,    16.37,    471,    6.49
  30-34岁,    650 026,    35 754,    55.00,    2 211,    3.40,    13 649,    21.00,    9 764,    15.02,    5 814,    8.94,    4 316,    6.64
    30,    84 534,    7 201,    85.18,    538,    6.36,    2 859,    33.82,    2 053,    24.29,    1 134,    13.41,    617,    7.30
    31,    124 801,    8 757,    70.17,    562,    4.50,    3 499,    28.04,    2 389,    19.14,    1 440,    11.54,        867,    6.95
    32,    133 033,    7 637,    57.41,    473,    3.56,    2 994,    22.51,    2 020,    15.18,    1 266,    9.52,    884,    6.64
    33,    140 661,    6 335,    45.04,    352,    2.50,    2 332,    16.58,    1 688,    12.00,    1 038,    7.38,    925,    6.58
    34,    166 997,    5 824,    34.87,    286,    1.71,    1 965,    11.77,    1 614,    9.66,    936,    5.60,    1 023,    6.13
,,,,,,,,,,,,,
,,,,,,,,,,,,,
,,,,,,,,,,,,,
表9-9全国市1989年育龄妇女分年龄、文化程度和孩次的生育状况(续02),,,,,,,,,,,,,
    单位：人、‰,,,,,,,,,,,,,
,,,,,,,,,,,,,
,,,,    第一孩,,    第二孩,,    第三孩,,    第四孩,,    第五孩及以上,
    文化程度,  1989年年中,  出生,  生育率,,,,,,,,,,
    和年龄别,  妇女人数,  人数,,,,,,,,,,,
,,,,  出生数,    生育率,  出生数,  生育率,  出生数,  生育率,  出生数,  生育率,  出生数,  生育率
  35-39岁,    871 601,    14 806,    16.99,    776,    0.89,    3 747,    4.30,    3 922,    4.50,    2 737,    3.14,    3 624,    4.16
    35,    174 530,    4 584,    26.26,    254,    1.46,    1 386,    7.94,    1 259,    7.21,    771,    4.42,    914,    5.24
    36,    179 850,    3 650,    20.29,    191,    1.06,    985,    5.48,    1 010,    5.62,    635,    3.53,    829,    4.6 1
    37,    186 181,    2 941,    15.80,    138,    0.74,    685,    3.68,    806,    4.33,    564,    3.03,    748,    4.02
    38,    162 517,    2 017,    12.41,    94,    0．58,    423,    2.60,    497,    3.06,    425,    2.62,    578,    3.56
    39,    168 523,    1 614,    9.58,    99,    0.59,    268,    1.59,    350,    2.08,    342,    2.03,    555,    3.29
  40-44岁,    735 686,    3 235,    4.40,    200,    0.27,    405,    0.55,    605,    0.82,    640,    0.87,    1 385,    1.88
    40,    146 448,    984,    6.72,    56,    0.38,    131,    0．89,    217,    1.48,    200,    1.37,    380,    2.59
    41,    142 958,    754,    5.27,    53,    0.37,    93,    0．65,    139,    0.97,    150,    1.05,    319,    2.23
    42,    143 861,    634,    4.41,    36,    0.25,    78,    0．54,    119,    0．83,    123,    0．85,    278,    1.93
    43,    145 786,    488,    3.35,    29,    0.20,    56,    0.38,    74,    0.51,    94,    0．64,    235,    1.61
    44,    156 633,    375,    2.39,    26,    0.17,    47,    0.30,    56,    0.36,    73,    0.47,    173,    1.10
  45-49岁,    1 027 160,    1 118,    1.09,    68,    0.07,    102,    0.10,    155,    0.15,    273,    0.27,    520,    0.51
    45,    165 750,    291,    1.76,    19,    0.11,    32,    0.19,    36,    0.22,    57,    0.34,    147,    0．89
    46,    177 111,    246,    1.39,    17,    0.10,    23,    0.13,    34,    0．19,    57,    0.32,    115,    0．65
    47,    205 044,    212,    1.03,    13,    0.06,    18,    0．09,    29,    0.14,    48,    0．23,    104,    0.51
    48,    227 296,    177,    0．78,    11,    0.05,    16,    0.07,    34,    0.15,    42,    0.18,    74,    0.33
    49,    251 959,    192,    0.76,    8,    0．03,    13,    0．05,    22,    0.09,    69,    0.27,    80,    0.32
小学,    12 862 189,    659 882,    51.30,    326 674,    25.40,    227 950,    17.72,    71 884,    5.59,    22 461,    1.75,    10 913,    0．85
  15-19岁,    1 626 725,    43 809,    26.93,    39 385,    24.21,    4 183,    2.57,    219,    0.13,    18,    0．01,    4,    0．00
    15,    268 618,    256,    0.95,    245,    0.91,    8,    0.03,    2,    0．01,    1,    0．00,-,-
    16,    296 485,    1 068,    3.60,    1 030,    3.47,    37,    0.12,    1,    0.00,-,-,-,-
    17,    318 798,    3 869,    12.14,    3 682,    11.55,    181,    0.57,    3,    0.01,    3,    0.01,-,-
    18,    362 193,    1 1 440,    31.59,    10 482,    28.94,    920,    2.54,    35,    0.10,    1,    0.00,    2,    0.01
    19,    380 631,    27 176,    71.40,    23 946,    62.91,    3 037,    7.98,    178,    0.47,    13,    0.03,    2,    0.01
  20-24岁,    1 690 305,    335 589,    198.54,    230 714,    136.49,    89 041,    52.68,    14 125,    8.36,    1 535,    0．91,    174,    0．10
    20,    398 741,    54 926,    137.75,    46 445,    116.48,    7 860,    19.71,    578,    1.45,    39,    0．10,    4,    0．01
    21,    347 015,    67 922,    195.73,    53 691,    154.72,    12 981,    37.41,    1 140,    3.29,    99,    0.29,    11,    0．03
    22,    312 926,    70 895,    226.56,    49 235,    157.34,    19 018,    60.77,    2 426,    7.75,    199,    0.64,    17,    0.05
    23,    330 768,    77 731,    235.00,    47 935,    144.92,    25 007,    75.60,    4 278,    12.93,    459,    1.39,    52,    0．16
    24,    300 855,    64 115,    213.11,    33 408,    111.04,    24 175,    80.35,    5 703,    18.96,    739,    2.46,    90,    0.30
  25-29岁,    1 213 760,    159 780,    131.64,    46 862,    38.61,    74 940,    61.74,    28 966,    23.86,    7 396,    6.09,    1 616,    1.33
    25,    292 240,    51 921,    177.67,    20 813,    71.22,    22 751,    77.85,    6 966,    23.84,    1 212,    4.15,    179,    0．61
    26,    313 197,    45 892,    146.53,    14 054,    44.87,    21 556,    68.83,    8 149,    26.02,    1 824,    5.82,    309,    0．99
    27,    198 702,    25 669,    129.18,    5 956,    29.97,    12 240,    61.60,    5 630,    28.33,    1 493,    7.51,    350,    1.76
    28,    168 759,    16 421,    97.30,    3 154,    18.69,    8 006,    47.44,    3 734,    22.13,    1 225,    7.26,    302,    1.79
    29,    240 862,    19 877,    82.52,    2 885,    11.98,    10 387,    43.12,    4 487,    18.63,    1 642,    6.82,    476,    1.98
,,,,,,,,,,,,,
,,,,,,,,,,,,,
,,,,,,,,,,,,,
    单位：人、‰,,,,,,,,,,,,,
,,,,,,,,,,,,,
    文化程度,  1989年年中,  出生,,    第一孩,,    第二孩,,    第三孩,,    第四孩,,    第五孩及以上,
    和年龄别,  妇女人数,  人数,  生育率,,,,,,,,,,
,,,,  出生数,    生育率,  出生数,  生育率,  出生数,  生育率,  出生数,  生育率,  出生数,  生育率
  30-34岁,    1 916 243,    86 702,    45.25,    7 086,    3.70,    46 625,    24.33,    20 160,    10.52,    8 465,    4.42,    4 366,    2.28
    30,    265 821,    19 137,    71.99,    2 016,    7.58,    10 536,    39.64,    4 300,    16.18,    1 654,    6.22,    631,    2.37
    31,    371 291,    21 851,    58.85,    1 781,    4.80,    12 272,    33.05,    4 939,    13.30,    1 994,    5.37,    865,    2.33
    32,    383 553,    18 009,    46.95,    1 307,    3.41,    9 751,    25.42,    4 205,    10.96,    1 817,    4.74,    929,    2.42
    33,    408 635,    14 793,    36.20,    1 084,    2.65,    7 720,    18.89,    3 543,    8.67,    1 521,    3.72,    925,    2.26
    34,    486 943,    12 912,    26.52,    898,    1.84,    6 346,    13.03,    3 173,    6.52,    1 479,    3.04,    1 016,    2.09
  35-39岁,    2 584 788,    28 880,    11.17,    2 180,    0．84,    12 122,    4.69,    7 240,    2.80,    3 891,    1.51,    3 447,    1.33
    35,    503 919,    9 866,    19.58,    715,    1.42,    4 655,    9.24,    2 418,    4.80,    1 212,    2.41,    866,    1.72
    36,    520 672,    7 331,    14.08,    527,    1.01,    3 221,    6.19,    1 8 1 5,    3.49,    931,    1.79,    837,    1.61
    37,    530 587,    5 387,    10.15,    406,    0.77,    2 156,    4.06,    1 405,    2.65,    738,    1.39,    682,    1.29
    38,    490 295,    3 647,    7.44,    305,    0.62,    1 291,    2.63,    944,    1.93,    572,    1.17,    535,    1.09
    39,    539 315,    2 649,    4.91,    227,    0.42,    799,    1.48,    658,    1.22,    438,    0.81,    527,    0．98
  40-44岁,    2 140 180,    4 139,    1.93,    398,    0．19,    899,    0.42,    924,    0.43,    882,    0.41,    1 036,    0．48
    40,    482 014,    1 520,    3.15,    165,    0.34,    381,    0．79,    379,    0.79,    286,    0.59,    309,    0.64
    41,    468 819,    1 034,    2.21,    87,    0.19,    226,    0.48,    230,    0.49,    228,    0.49,    263,    0.56
    42,    447 652,    723,    1.62,    70,    0.16,    149,0.33,    151,    0.34,    161,    0.36,    192,    0.43
    43,    389 931,    514,    1.32,44,    0.1 1,    82,    0.21,    98,    0.25,    130,    0.33,    160,    0．41
    44,    351 764,    348,    0.99,    32,    0.09,    61,    0.17,    66,    0．19,    77,    0．22,    112,    0．32
  45-49岁,    1 690 188,    983,    0.58,    49,    0.03,    140,    0.08,    250,    0.15,    274,    0.16,    270,    0．16
    45,    321 999,    245,    0.76,    15,    0.05,    40,    0.12,    53,    0.16,    64,    0.20,    73,    0．23
    46,    318 414,    206,    0．65,    10,    0．03,    33,    0.10,    57,    0.18,    45,    0.14,    61,    0．19
    47,    339 552,    184,    0.54,    11,    0.03,    26,    0.08,    50,    0.15,    52,    0.15,    45,    0.13
    48,    352 496,    189,    0.54,    8,    0.02,    29,    0.08,    48,    0.14,    54,    0.15,    50,    0.14
    49,    357 727,    159,    0．44,    5,    0.01,    12,    0．03,    42,    0．12,    59,    0.16,    41,    0.11
初中,    23 901 826,    1 401 966,    58.66,    1 034 314,    43.27,    294 822,    12.33,    57 912,    2.42,    11 551,    0.48,    3 367,    0.14
  15-19岁,    4 825 654,    44 242,    9.17,    42 046,    8.71,    2 118,    0.44,    72,    0.01,    4,    0.00,    2,    0.00
    15,    949 584,    121,    0．13,    113,    0.12,    6,    0.01,    1,    0.00,-,-,    1,    0.00
    16,    911 546,    708,    0.78,    687,    0.75,    21,    0．02,-,-,-,-,-,-
    17,    916 514,    3 017,    3.29,    2 932,    3.20,    81,    0.09,    4,    0.00,-,-,-,-
    18,    1 010 231,    10 473,    10.37,    10 036,    9.93,    424,    0.42,    12,    0.01,-,-,    1,    0.00
    19,    1 037 779,    29 923,    28.83,    28 278,    27.25,    1 586,    1.53,    55,    0.05,    4,    0.00,-,-
  20-24岁,    5 194 778,    808 943,    155.72,    696 934,    134.16,    100 739,    19.39,    10 267,    1.98,    913,    0.18,    90,    0.02
    20,    1 120 293,    80 896,    72.21,    75 536,    67.43,    5 103,    4.56,    238,    0.21,    17,    0.02,    2,    0.00
    21,    1 003 578,    123 095,    122.66,    112 606,    112.20,    9 849,    9.81,    599,    0.60,    37,    0.04,    4,    0.00
    22,    910 714,    154 332,    169.46,    134 814,    148.03,    18 062,    19.83,    1 351,    1.48,    95,    0.10,    10,    0.01
    23,    1 076 219,    228 216,    212.05,    194 458,    180.69,    30 541,    28.38,    2 948,    2.74,    253,    0.24,    16,    0．01
    24,    1 083 974,    222404,    205.17,    179 520,    165.61,    37 184,    34.30,    5 131,    4.73,    511,    0.47,    58,    0.05
,,,,,,,,,,,,,
,,,,,,,,,,,,,
,,,,,,,,,,,,,
表9-9全国市1989年育龄妇女分年龄、文化程度和孩次的生育状况(续04),,,,,,,,,,,,,
    单位：人、‰,,,,,,,,,,,,,
,,,,,,,,,,,,,
,,,,    第一孩,,    第二孩,,    第三孩,,    第四孩,,    第五孩及以上,
    文化程度,  1989年年中,  出生,  生育率,,,,,,,,,,
    和年龄别,  妇女人数,  人数,,,,  出生数,  生育率,  出生数,  生育率,  出生数,  生育率,  出生数,  生育率
,,,,  出生数,    生育率,,,,,,,,
  25-29岁,    3 886 010,    419 774,    108.02,    258 611,    66.55,    125 067,    32.18,    30 144,    7.76,    5 131,    1.32,    821,    0.21
    25,    1 142 220,    174 984,    153.20,    126 609,    110.84,    39 967,    34.99,    7 428,    6.50,    872,    0.76,    108,    0．09
    26,    1 116 211,    131 314,    117.64,    80 291,    71.93,    39 791,    35.65,    9 615,    8.61,    1 433,    1.28,    184,    0.16
    27,    547 353,    51 855,    94.74,    25 695,    46.94,    19 120,    34.93,    5 782,    10.56,    1 083,    1.98,    175,    0.32
    28,    478 945,    30 517,    63.72,    14 263,    29.78,    11 837,    24.71,    3 501,    7.31,    775,    1.62,    141,    0．29
    29,    601 281,    31 104,    51.73,    11753,    19.55,    14 352,    23.87,    3 818,    6.35,    968,    1.61,    213,    0.35
  30-34岁,    3 730 002,    100 333,    26.90,    28 200,    7.56,    53 105,    14.24,    13 594,    3.64,    4 001,    1.07,    1 433,    0.38
    30,    589 518,    25 234,    42.80,    7 714,    13.09,    12 967,    22.00,    3 408,    5.78,    896,    1.52,    249,    0．42
    31,    762 191,    26 151,    34.31,    6 958,    9.13,    14 186,    18.61,    3 623,    4.75,    1 085,    1.42,    299,    0.39
    32,    744 274,    20 017,    26.89,    5 245,    7.05,    10 878,    14.62,    2 770,    3.72,    819,    1.10,    305,    0.41
    33,    764 528,    15 605,    20.41,    4 350,    5.69,    8 272,    10．82,    2 058,    2.69,    641,    0.84,    284,    0.37
    34,    869 491,    13 326,    15.33,    3 933,    4.52,    6 802,    7.82,    1 735,    2.00,    560,    0．64,    296,    0.34
  35-39岁,    3 51 1 943,    26 030,    7.41,    7 867,    2.24,    13 015,    3.71,    3 282,    0.93,    1 124,    0.32,    742,    0.21
    35,    851 204,    9 725,    11.42,    2 824,    3.32,    5 107,    6.00,    1 177,    1.38,    368,    0.43,    249,    0.29
    36,    756 596,    6 927,    9.16,    2 037,    2.69,    3 563,    4.71,    883,    1.17,    283,    0．37,    161,    0.21
    37,    715 202,    4 646,    6.50,    1 472,    2.06,    2 236,    3.13,    576,    0.81,    217,    0.30,    145,    0.20
    38,    618 880,    2 905,    4.69,    918,    1.48,    1 357,    2.19,    372,    0.60,    144,    0．23,    114,    0.18
    39,    570 061,    1 827,    3.20,    616,    1.08,    752,    1.32,    274,    0.48,    112,    0．20,    73,    0．13
  40-44岁,    1 628 577,    2 127,    1.31,    607,    0.37,    667,    0.41,    404,    0.25,    250,    0．15,    199,    0.12
    40,    379 970,    776,    2.04,    247,    0.65,    272,    0.72,    127,    0.33,    70,    0.18,    60,    0.16
    41,    327 705,    531,    1.62,    147,    0.45,    169,    0.52,    98,    0.30,    67,    0.20,    50,    0.15
    42,    324 430,    367,    1.13,    97,    0.30,    114,    0.35,    80,    0.25,    48,    0.15,    28,    0.09
    43,    310 039,    267,    0．86,    72,    0.23,    67,    0.22,    63,    0．20,    36,    0．12,    29,    0．09
    44,    286 433,    186,    0.65,    44,    0.15,    45,    0.16,    36,    0.13,    29,    0.10,    32,    0.11
  45-49岁,    1 124 862,    517,    0.46,    49,    0.04,    111,    0.10,    149,    0.13,    128,    0.11,    80,    0.07
    45,    255 180,    124,    0.49,    18,    0.07,    33,    0.13,    23,    0.09,    32,    0.13,    18,    0.07
    46,    240 407,    115,    0.48,    8,    0.03,    22,    0.09,    40,    0.17,    24,    0．10,    21,    0.09
    47,    228 913,    119,    0.52,    9,    0.04,    27,    0.12,    38,    0.17,    27,    0.12,    18,    0．08
    48,    210 957,    82,    0．39,    11,    0.05,    15,    0．07,    25,    0.12,    21,    0.10,    10,    0．05
    49,    189 405,    77,    0.41,    3,    0．02,    14,    0.07,    23,    0.12,    24,    0.13,    13,    0.07
,,,,,,,,,,,,,
,,,,,,,,,,,,,
,,,,,,,,,,,,,
    单位：人、‰,,,,,,,,,,,,,
,,,,,,,,,,,,,
,,,,    第一孩,,    第二孩,,    第三孩,,    第四孩,,    第五孩及以上,
    文化程度,  1989年年中,  出生,  生育率,,,,,,,,,,
    和年龄别,  妇女人数,  人数,,,,  出生数,  生育率,  出生数,  生育率,  出生数,  生育率,  出生数,  生育率
,,,,  出生数,    生育率,,,,,,,,
高中,    12 643 817,    747 991,    59.16,    637 145,    50.39,    92 073,    7.28,    15 119,    1.20,    2 917,    0.23,    737,    0.06
  15-19岁,    2 438 199,    3 063,    1.26,    2 960,    1.21,    95,    0.04,    4,    0.00,    2,    0．00,    2,    0.00
    15,    335 594,    9,    0.03,    7,    0.02,-,-,    1,    0.00,-,-,    1,    0.00
    16,    534 363,    27,    0．05,    24,    0.04,    2,    0.00,-,-,    1,    0.00,-,-
    17,    549 757,    131,    0.24,    128,    0.23,    2,    0.00,-,-,-,-,    1,    0．00
    18,    527 676,    543,    1.03,    523,    0.99,    20,    0．04,-,-,-,-,-,-
    19,    490 809,    2 353,    4.79,    2 278,    4.64,    71,    0.14,    3,    0.01,    1,    0.00,-,-
  20-24岁,    2 322 970,    258 510,    111.28,    246 878,    106.28,    10 726,    4.62,    818,    0.35,    80,    0.03,    8,    0.00
    20,    513 131,    8 845,    17.24,    8 567,    16.70,    260,    0.51,    16,    0.03,    1,    0.00,    1,    0.00
    21,    430 942,    18 566,    43.08,    17 927,    41.60,    594,    1.38,    43,    0.10,    1,    0.00,    1,    0.00
    22,    356 066,    32 890,    92.37,    31 631,    88.83,    1 181,    3.32,    68,    0.19,    10,    0.03,-,-
    23,    451 052,    77 093,    170.92,    73 950,    163.95,    2 910,    6.45,    204,    0.45,    26,    0.06,    3,    0．01
    24,    571 779,    121 116,    211.82,    1 14 803,    200.78,    5 781,    10.11,    487,    0.85,    42,    0．07,    3,    0.01
  25-29岁,    3 814 523,    410 436,    107.60,    350 591,    91.91,    49 736,    13.04,    8 606,    2.26,    1 303,    0.34,    200,    0.05
    25,    832 181,    145 232,    174.52,    134 026,    161.05,    9 81 5,    11.79,    1 247,    1.50,    130,    0.16,    14,    0.02
    26,    1 000 339,    131 548,    131.50,    114 804,    114.77,    14 096,    14.09,    2 327,    2.33,    287,    0.29,    34,    0.03
    27,    625 578,    60 332,    96.44,    49 185,    78.62,    9 003,    14.39,    1 808,    2.89,    291,    0.47,    45,    0．07
    28,    630 557,    39 684,    62.93,    30 707,    48.70,    7 306,    11.59,    1382,    2.19,    254,    0.40,    35,    0.06
    29,    725 868,    33 640,    46.34,    21 869,    30.13,    9 516,    13.11,    1 842,    2.54,    341,    0.47,    72,    0.10
  30-34岁,    2 71 5 510,    69 133,    25.46,    34 395,    12.67,    28 144,    10.36,    4 991,    1.84,    1 255,    0.46,    348,    0.13
    30,    627 089,    22 172,    35.36,    12 504,    19.94,    7 798,    12.44,    1 464,    2.33,    338,    0.54,    68,    0.11
    31,    733 263,    19 923,    27.17,    10 258,    13.99,    7 836,    10.69,    1 393,    1.90,    343,    0.47,    93,    0.13
    32,    583 852,    13 354,    22.87,    6 270,    10．74,    5 794,    9.92,    963,    1.65,    259,    0.44,    68,    0．12
    33,    442 617,    8 460,    19.11,    3 556,    8.03,    4 004,    9.05,    667,    1.51,    166,    0．38,    67,    0.15
    34,    328 689,    5 224,    15.89,    1 807,    5.50,    2 712,    8.25,    504,    1.53,    149,    0.45,    52,    0.16
  35-39岁,    608 865,    6 107,    10.03,    2 008,    3.30,    3 141,    5.16,    602,    0.99,    214,    0.35,    142,    0.23
    35,    216 398,    2 966,    13.71,    1 000,    4.62,    1 551,    7.17,    273,    1.26,    93,    0.43,    49,    0.23
    36,    134 533,    1 483,    11.02,    451,    3.35,    797,    5.92,    150,    1.11,    52,    0.39,    33,    0.25
    37,    95 677,    803,    8.39,    241,    2.52,    424,    4.43,    78,    0.82,    35,    0.37,    25,    0.26
    38,    75 736,    535,    7.06,    194,    2.56,    224,    2.96,    64,    0.85,    28,    0．37,    25,    0.33
    39,    86 521,    320,    3.70,    122,    1.41,    145,    1.68,    37,    0.43,    6,    0.07,    10,    0.12
  40-44岁,    412 592,    584,    1.42,    268,    0.65,    187,    0．45,    66,    0．16,    34,    0.08,    29,    0.07
    40,    89 796,    213,    2.37,    101,    1.12,    75,    0.84,    22,    0．24,    8,    0.09,    7,    0.08
    41,    90 042,    163,    1.81,    78,    0.87,    50,    0.56,    20,    0.22,    8,    0.09,    7,    0.08
    42,    84 281,    94,    1.12,    42,    0.50,    33,    0.39,     7,    0.08,    8,    0.09,    4,    0．05
    43,    74 202,    67,    0.90,    28,    0.38,    18,    0.24,    12,    0．16,    5,    0．07,    4,    0．05
    44,    74 271,    47,    0.63,    19,    0.26,    1 1,    0.15,    5,    0.07,    5,    0.07,    7,    0．09
,,,,,,,,,,,,,
,,,,,,,,,,,,,
,,,,,,,,,,,,,
    单位：人、‰,,,,,,,,,,,,,
,,,,,,,,,,,,,
    文化程度,  1989年年中,  出生,,    第一孩,,    第二孩,,    第三孩,,    第四孩,,    第五孩及以上,
    和年龄别,  妇女人数,  人数,  生育率,,,,,,,,,,
,,,,  出生数,    生育率,  出生数,  生育率,  出生数,  生育率,  出生数,  生育率,  出生数,  生育率
  45-49岁,    331 158,    158,    0．48,    45,    0．14,    44,    0．13,    32,    0.10,    29,    0.09,    8,    0.02
    45,    74 440,    43,    0.58,    10,    0．13,    16,    0.21,    8,    0.11,    6,    0.08,    3,    0.04
    46,    74 667,    46,    0.62,    14,    0.19,    12,    0．16,    10,    0.13,    7,    0.09,    3,    0.04
    47,    69 017,    29,    0.42,    11,    0.16,    7,    0.10,    4,    0．06,    7,    0.10,-,-
    48,    60 627,    24,    0.40,    7,    0.12,    6,    0．10,    5,    0.08,    5,    0.08,    1,    0．02
    49,    52 407,    16,    0.31,    3,    0.06,    3,    0.06,    5,    0.10,    4,    0.08,    1,    0．02
中专,    3 824 406,    138 449,    36.20,    130 092,    34.02,    7 535,    1.97,    598,    0.16,    158,    0.04,    66,    0.02
  15-19岁,    1 016 589,    285,    0.28,    277,    0.27,    7,    0.01,-,-,    1,    0．00,-,-
    15,    118 926,-,-,-,-,-,-,-,-,-,-,-,-
    16,    216 286,    1,    0．00,    1,    0．00,-,-,-,-,-,-,-,-
    17,    244 967,    12,    0．05,    10,    0．04,    1,    0．00,-,-,    1,    0.00,-,-
    18,    236 939,    39,    0．16,    38,    0.16,    1,    0.00,-,-,-,-,-,-
    19,    199 471,    233,    1．17,    228,    1.14,    5,    0.03,-,-,-,-,-,-
  20-24岁,    641 722,    51 034,    79.53,    50 265,    78.33,    721,    1.12,    41,    0．06,    5,    0.01,    2,    0.00
    20,    171 728,    1 150,    6.70,    1 123,    6.54,    27,    0.16,-,-,-,-,-,-
    21,    129 226,    2 924,    22.63,    2 884,    22.32,    39,    0．30,-,-,    1,    0.01,-,-
    22,    101 942,    6 066,    59.50,    5 979,    58.65,    80,    0．78,    6,    0.06,    1,    0.01,-,-
    23,    115 266,    15 488,    134.37,    15 279,    132.55,    194,    1.68,    14,    0.12,    1,    0.01,-,-
    24,    123 560,    25 406,    205.62,    25 000,    202.33,    381,    3.08,    21,    0.17,    2,    0.02,    2,    0.02
  25-29岁,    493 150,    74 683,    151.44,    72 294,    146.60,    2 135,    4.33,    190,    0.39,    50,    0．10,    14,    0.03
    25,    144 182,    29 844,    206.99,    29 320,    203.35,    473,    3.28,    40,    0.28,    10,    0.07,    1,    0．01
    26,    143 982,    25 174,    174.84,    24 569,    170.64,    544,    3.78,    49,0.34,    10,    0.07,    2,    0.01
    27,    76 222,    10 140,    133.03,    9 719,    127.51,    372,    4.88,    34,    0．45,    12,    0.16,    3,    0．04
    28,    63 085,    5 572,    88.33,    5 184,    82.17,    343,5.44,    32,    0.51,    9,    0.14,    4,    0．06
    29,    65 679,    3 953,    60.19,    3 502,    53.32,    403,    6.14,    35,    0.53,    9,    0.14,    4,    0.06
  30-34岁,    421 283,    8 974,    21.30,    5 863,    13.92,    2 850,    6.77,    188,    0．45,    52,    0.12,    21,    0.05
    30,    59 548,    2 283,    38.34,    1 809,    30.38,    415,    6.97,    40,    0．67,    17,    0.29,    2,    0.03
    31,    79 726,    2 207,    27.68,    1 556,    19.52,    599,    7.51,    38,    0.48,    11,    0.14,    3,    0．04
    32,    83 296,    1 743,    20.93,    1 080,    12.97,    610,    7.32,    40,    0.48,    9,    0.11,    4,    0.05
    33,    91 177,    1 481,    16.24,    803,    8.81,    628,    6.89,    35,    0.38,    9,    0.10,    6,    0.07
    34,    107 536,    1 260,    11.72,    615,    5.72,    598,    5.56,    35,    0.33,    6,    0.06,    6,    0.06
  35-39岁,    426 044,    2 907,    6.82,    1 174,    2.76,    1 599,    3.75,    100,    0．23,    16,    0.04,    18,    0.04
    35,    103 468,    1 040,    10.05,    431,    4.17,    569,    5.50,    27,    0．26,    5,    0.05,    8,    0.08
    36,    88 618,    732,    8.26,    283,    3.19,    415,    4.68,    30,    0.34,    4,    0.05,-,-
    37,    83 775,    568,    6.78,    226,    2.70,    314,    3.75,    21,    0.25,    5,    0.06,    2,    0.02
    38,    69 038,    324,    4.69,    127,    1.84,    180,    2.61,    12,    0.17,-,-,    5,    0.07
    39,    81145,    243,    2.99,    107,    1.32,    121,    1.49,    10,    0.12,    2,    0．02,    3,    0.04
,,,,,,,,,,,,,
,,,,,,,,,,,,,
,,,,,,,,,,,,,
,,,,,,,,,,,,,
单位：人、‰,,,,,,,,,,,,,
,,,,,,,,,,,,,
,,,,    第一孩,,    第二孩,,    第三孩,,    第四孩,,    第五孩及以上,
    文化程度,  1989年年中,  出生,  生育率,,,,,,,,,,
    和年龄别,  妇女人数,  人数,,,,,,,,,,,
,,,,  出生数,    生育率,  出生数,  生育率,  出生数,  生育率,  出生数,  生育率,  出生数,  生育率
  40-44岁,    446 686,    441,    0.99,    198,    0.44,    178,    0.40,    46,    0.10,    15,    0.03,    4,    0．01
    40,    104 290,    173,    1.66,    85,    0．82,    74,    0.71,    10,    0.10,    3,    0.03,    1,    0.01
    41,    106 679,    116,    1.09,    51,    0．48,    50,    0．47,    13,    0．12,    1,    0．01,    1,    0．01
    42,    91 327,    68,    0．74,    36,    0.39,    22,    0．24, 7,    0.08,    3,    0.03,   -,   -
    43,    72 466,    45,    0.62,    15,    0.21,    23,    0.32,    7,    0.10,     -,     -,     -,   -
    44,    71 924,    39,    0.54,    11,    0.15,    9,    0.13,    9,    0.13,    8,    0.11,    2,    0.03
  45—49岁,    378 932,    125,    0．33,    21,    0．06,    45,    0.12,    33,    0.09,    19,    0.05,    7,    0.02
    45,    75 897,    25,    0．33,    12,    0．16,    7,    0.09,    4,    0.05,    2,    0.03,-,-
    46,      81 323,    24,    0.30,    1,    0．01,    11,    0.14,    6,    0.07,    3,    0．04,    3,    0.04
    47,    79 996,    36,    0.45,    3,    0.04,    14,    0.18,    12,    0.15,    5,    0.06,    2,    0．03
    48,    73 751,    20,    0.27,    4,    0.05,    5,    0.07,    6,    0.08,    3,    0.04,    2,    0.03
    49,    67 965,    20,    0.29,    1,0.01,    8,    0．12, 5,    0.07,    6,    0.09,    -,-
大学专科,    2 205 934,    123 805,    56.12,    120 110,    54.45,    3 522,    1.60,    148,    0.07,    20,    0.01,    5,    0.00
  15—19岁,    270 136,    35,    0.13,    35,    0.13,-,-,-,-,-,-,-,-
    15,    997,-,-,-,-,-,-,-,-,-,-,-,-
    16,    7 071,-,-,-,-,-,-,-,-,-,-,-,-
    17,    36 350,    1,    0.03,    1,    0．03,-,-,-,-,-,-,-,-
    18,    91 057,    6,    0.07,    6,    0.07,-,-,-,-,-,-,-,-
    19,    134 661,    28,    0.21,    28,    0.21,-,-,-,-,-,-,-,-
  20—24岁,    565 393,    25 724,      45.50,    25 460,    45.03,    261,    0.46,    2,    0.00,    1,    0．00,-,-
    20,    152 666,    136,    0．89,    135,    0．88,    1,    0.01,-,-,-,-,-,-
    21,    121 542,    552,    4.54,    547,    4.50,    5,    0.04,-,-,-,-,-,-
    22,    87 499,    1 859,    21.25,    1 841,    21.04,    18,    0.21,-,-,-,-,-,-
    23,    98 154,    7 300,    74.37,    7 230,    73.66,    69,    0.70,    1,    0.01,-,-,-,-
    24,    105 532,    15 877,    150.45,    15 707,    148.84,    168,    1.59,    1,    0．01,    1,    0.01,-,-
  25-29岁,    477 462,    84 623,    177.24,    83 566,    175.02,    1 015,    2.13,    38,    0.08,    3,    0.01,    1,    0.00
    25,    139 134,    27 539,    197.93,    27 279,    196.06,    255,    1.83,     5,    0.04,-,-,-,-
    26,    146 233,    29 968,    204.93,    29 653,    202.78,    305,    2.09,    10,    0.07,-,-,-,-
    27,    77 889,    13 667,    175.47,    13 497,    173.29,    161,    2.07,    9,    0.12,-,-,-,-
    28,    59 583,    8 043,    134.99,    7 874,    132.15,    160,    2.69,    8,    0.13,    1,    0.02,-,-
    29,    54 623,    5 406,    98.97,    5 263,    96.35,    134,    2.45,    6,    0.11,    2,    0.04,    1,    0.02
,,,,,,,,,,,,,
,,,,,,,,,,,,,
,,,,,,,,,,,,,
,,,,,,,,,,,,,
单位：人、‰,,,,,,,,,,,,,
,,,,,,,,,,,,,
,,,,    第一孩,,    第二孩,,    第三孩,,    第四孩,,    第五孩及以上,
    文化程度,  1989年年中,  出生,  生育率,,,,,,,,,,
    和年龄别,  妇女人数,  人数,,,,,,,,,,,
,,,,  出生数,    生育率,    出生数,  生育率,  出生数,  生育率,  出生数,  生育率,  出生数,  生育率
  30—34岁,    321 698,    10 574,    32.87,    9 267,    28.81,    1 250,    3.89,    53,    0.16,    4,    0．01,-,-
    30,    45 874,    3 027,    65.99,    2 876,    62.69,    145,    3.16,    6,    0.13,-,-,-,-
    31,    62 762,    2 860,    45.57,    2 627,    41.86,    223,    3.55,    9,    0.14,    1,    0.02,-,-
    32,    66 528,    2 028,    30.48,    1 731,    26.02,    282,    4.24,    13,    0.20,    2,    0.03,-,-
    33,    70 331,    1 451,    20.63,    1 176,    16.72,    264,    3.75,    11,    0.16,-,-,-,-
    34,    76 203,    1 208,    15.85,    857,    11．25,    336,    4.41,    14,    0．18,    1,    0.01,-,-
  35—39岁,    296 038,    2 517,    8.50,    1 563,    5.28,    912,    3.08,    36,    0.12,    4,    0.01,    2,    0.01
    35,    73 488,    902,    12.27,    593,    8.07,    295,    4.01,    12,    0．16,    1,    0.01,    1,    0.01
    36,    59 865,    604,    10.09,    373,    6.23,    226,    3.78,        4,    0.07,    1,    0.02,-,-
    37,    56 701,    466,    8.22,    274,    4.83,    181,    3.19,    9,    0.16,    1,    0.02,    1,    0.02
    38,    52 182,    310,    5.94,    180,    3.45,    123,    2.36,    6,    0.11,    1,    0．02,-,-
    39,    53 802,    235,    4.37,    143,    2.66,    87,    1.62,    5,    0．09,-,-,-,-
  40—44岁,    165 273,    289,    1.75,    204,    1.23,    73,    0.44,    8,    0.05,    3,    0.02,    1,    0.01
    40,    41 505,    146,    3.52,    100,    2.41,    39,    0.94,    4,    0.10,    2,    0.05,    1,    0.02
    41,    37 071,    73,    1.97,    54,    1．46,    17,    0.46,    2,    0.05,-,-,-,-
    42,    32 913,    39,    1.18,    28,    0.85,    9,    0.27,    2,    0.06,-,-,-,-
    43,    28 914,    20,    0.69,    15,    0.52,    5,    0.17,-,-,-,-,-,-
    44,    24 870,    11,    0.44,    7,    0.28,    3,    0.12,-,-,    1,    0.04,-,-
  45—49岁,    109 934,    43,    0.39,    1 5,    0.14,    11,    0.10,    11,    0.10,    5,    0.05,    1,    0.01
    45,    22 125,    12,    0.54,    7,    0.32,     -,-,    5,    0.23,-,-,-,-
    46,    22 092,    5,    0.23,    1,    0.05,    3,0.14,     -,       -,    1,    0.05,-,-
    47,    22 174,    7,    0.32,    4,    0.18,    1,    0.05,    1,    0.05,    1,    0.05,-,-
    48,    21 604,    10,    0.46,    2,    0.09,    1,    0.05,    3,    0.14,    3,    0.14,    1,    0．05
    49,    21 939,    9,    0.41,    1,    0.05,    6,    0.27,    2,    0.09,-,-,-,-
大学本科,    1 315 356,    49 191,    37.40,    47 962,    36.46,    1 122,    0.85,    83,    0.06,    17,    0．01,    7,    0．01
  15—19岁,    216 494,    6,    0.03,    6,    0.03,-,-,-,-,-,-,-,-
    15,    605,-,-,-,-,-,-,-,-,-,-,-,-
    16,    7 921,-,-,-,-,-,-,-,-,-,-,-,-
    17,    36 154,-,-,-,-,-,-,-,-,-,-,-,-
    18,    74 210,    1,    0.01,    1,    0.01,-,-,-,-,-,-,-,-
    19,    97 604,    5,    0．05,    5,    0．05,-,-,-,-,-,-,-,-
  20—24岁,    436 827,    10 224,    23.41,    10 145,    23.22,    75,    0.17,    4,    0.01,-,-,-,-
    20,    117 222,    16,    0.14,    15,    0.13,    1,    0.01,     -,      -,-,-,-,-
    21,    100 547,    50,    0.50,    47,    0.47,    2,    0.02,    1,    0.01,-,-,-,-
    22,    72448,    388,    5.36,    385,    5.31,    3,    0.04,    -,-,-,-,-,-
    23,    75 840,    2 526,    33.31,    2 503,    33.00,    21,    0.28,    2,    0.03,-,-,-,-
    24,    70 770,    7 244,    102.36,    7 195,    101.67,    48,    0.68,    1,    0.01,-,-,-,-
,,,,,,,,,,,,,
,,,,,,,,,,,,,
,,,,,,,,,,,,,
,,,,,,,,,,,,,
单位：人、‰,,,,,,,,,,,,,
,,,,,,,,,,,,,
,,,,    第一孩,,    第二孩,,    第三孩,,    第四孩,,    第五孩及以上,
    文化程度,  1989年年中,  出生,  生育率,,,,,,,,,,
    和年龄别,  妇女人数,  人数,,,,,,,,,,,
,,,,  出生数,    生育率,  出生数,  生育率,  出生数,  生育率,  出生数,  生育率,  出生数,  生育率
  25—29岁,    228 077,    34 148,    149.72,    33 650,    147.54,    470,    2.06,    27,    0.12,    1,    0.00,-,-
    25,    74 479,    12 029,    161.51,    11 913,    159.95,    113,    1.52,    3,    0.04,-,-,-,-
    26,    67 076,    11 595,    172.86,    11480,    171.1 5,    11 1,    1.65,    4,    0.06,-,-,-,-
    27,    34 953,    5 192,    148.54,    5 116,    146.37,    76,    2.17,    -,        -,-,-,-,-
    28,    27 445,    3 215,    117.14,    3 117,    113.57,    89,    3.24,    8,    0.29,    1,    0.04,-,-
    29,    24 124,    2 1 17,    87.75,    2 024,    83.90,    81,    3.36,    12,    0．50,   -,-,-,-
  30—34岁,    104 084,    3 885,    37.33,    3 508,    33.70,    337,    3.24,    30,    0.29,    10,    0.10,-,-
    30,    17 341,    1 084,    62.51,    1019,    58.76,    57,    3.29,    8,    0.46,   -,-,-,-
    31,    21 259,    1 012,    47.60,    934,    43.93,    67,    3.15,    7,    0.33,    4,    0.19,-,-
    32,    22 593,    778,    34.44,    693,    30.67,    77,    3.41,    6,    0.27,    2,    0.09,-,-
    33,    21 983,    617,    28.07,    542,    24.66,    68,    3.09,    5,    0.23,       2,    0.09,-,-
    34,    20 908,    394,    18.84,    320,    15.31,    68,    3.25,    4,    0.19,    2,    0.10,-,-
  35—39岁,    70 996,    740,    10.42,    545,    7.68,    180,    2.54,    11,    0．15,    1,    0.01,    3,    0.04
    35,    18 233,    272,    14.92,    212,    11.63,    57,    3.13,    2,    0.11,    1,    0.05,-,-
    36,    14 643,    183,    12.50,    141,    9.63,    39,    2.66,    2,    0.14,-,-,    1,    0.07
    37,    13 271,    135,    10.17,    90,    6.78,    42,    3.16,    2,    0.15,-,-,    1,    0.08
    38,    12 225,    85,    6.95,    61,    4.99,    22,    1.80,    2,    0.16,-,-,-,-
    39,    12 624,    65,    5.15,    41,    3.25,    20,    1.58,    3,    0.24,-,-,    1,    0.08
  40-44岁,    103 138,    142,    1.38,    94,    0.91,    41,    0.40,    4,    0.04,    1,    0.01,     2,    0.02
    40,    9 993,    53,    5.30,    34,    3.40,    16,    1.60,    1,    0.10,-,-,      2,    0.20
    41,    10 349,    40,    3.87,    31,    3.00,    9,    0．87,-,-,-,-,-,-
    42,    20 943,    25,    1.19,    17,    0．81,    6,    0.29,    2,    0.10,-,-,-,-
    43,    32 479,    11,    0.34,    5,    0.15,    6,    0.18,-,-,-,-,-,-
    44,    29 374,    13,0.44,    7,    0.24,    4,    0.14,    1,    0.03,    1,    0.03,-,-
  45-49岁,    155 740,    46,    0．30,    14,    0.09,    19,    0.12,    7,    0.04,    4,    0.03,    2,    0.01
    45,    26 592,    8,    0.30,    3,    0.11,    3,    0.11,    1,    0.04,    1,    0.04,-,-
    46,    27 605,    11,    0.40,    3,    0．11,    4,    0．14,    2,    0.07,2,    0.07,-,-
    47,    31 740,    8,    0.25,    4,    0.13,    2,    0.06,-,-,-,-,     2,    0.06
    48,    34 349,    10,    0.29,    1,    0.03,    5,    0.15, 3,    0.09,    1,    0.03,-,-
    49,    35 454,    9,    0.25,    3,    0.08,    5,    0.14,    1,    0.03,-,-,-,-
