,,,,,,,,,,,,,,,,,,,,,,,,,,,,,,,,,,,,,,,,,,,,,,,,,,,,,,,,,,,,,,,,,,,,,,,,,,,,,,,,,,,,,,,,,,,,,,,,,,,,,,,,,,,,,,,,,,,,,,,,,,,,,,,,,,,,,,,,,,,,,,,,,,,,,,,,,,,,,,,,,,,,,,,,,,,,,,,,,,,,,,,,,,,,,,,,,,,,,,,,,,,,,,,,,,,,,,,,,,,,,,,,,,,,,,,,,,,,,,,,,,,,,,,,,,,
表6—3省、自治区、直辖市的镇按行业门、大类分性别的人口数(第二口径),,,,,,,,,,,,    单位：人,,,,,,,,,,,,,,,表6—3省、自治区、直辖市的镇按行业门、大类分性别的人口数(第二口径)(续02),,,,,,,,,,,,,,,表6-3省、自治区、直辖市的镇按行业门、大类分性别的人口数(第二口径)(续03),,,,,,,,,,,,,,,表6—3省、自治区、直辖市的镇按行业门、大类分性别的人口数(第二口径)(续04),,,,,,,,,,,,,,,    单位：人,,,,,,,,,,,,,,,    单位：人,,,,,,,,,,,,,,,表6-3省、自治区、直辖市的镇按行业门、大类分性别的人口数(第二口径)(续07),,,,,,,,,,,,,,,表6-3省、自治区、直辖市的镇按行业门、大类分性别的人口数(第二口径)(续08),,,,,,,,,,,,,,,表6—3省、自治区、直辖市的镇按行业门、大类分性别的人口数(第二口径)(续09),,,,,,,,,,,,,,,表6—3省、自治区、直辖市的镇接行业门、大类分性别的人口数(第二口径)(续10),,,,,,,,,,,,,,,表6—3省、自治区、直辖市的镇按行业门、大类分性别的人口数(第二口径)(续11),,,,,,,,,,,,,,,    单位：人,,,,,,,,,,,,,,,    单位：人,,,,,,,,,,,,,,,表6—3省、自治区、直辖市的镇按行业门、大类分性别的人口数(第二口径)(续14),,,,,,,,,,,,,,,    单位：人,,,,,,,,,,,,,,,    表6—3省、自治区、直辖市的镇按行业门、大类分性别的人口数(第二口径)(续16),,,,,,,,,,,,,,
    单位：人,,,,,,,,,,,,,,,,,,,,,,,,,,,    单位：人,,,,,,,,,,,,,,,    单位：人,,,,,,,,,,,,,,,    单位：人,,,,,,,,,,,,,,,,,,,,,,,,,,,,,,,,,,,,,,,,,,,,,    单位：人,,,,,,,,,,,,,,,    单位：人,,,,,,,,,,,,,,,    单位：人,,,,,,,,,,,,,,,    单位：人,,,,,,,,,,,,,,,        单位：人,,,,,,,,,,,,,,,,,,,,,,,,,,,,,,,,,,,,,,,,,,,,,    单位：人,,,,,,,,,,,,,,,,,,,,,,,,,,,,,,    单位：人,,,,,,,,,,,,,,
,,,,,,,,,,,,,    二、林业,,,    三、畜牧业,,,    四、渔业,,,    五、水利业,,,,,,,,,,,,,,,,,,,,,,,,,,,,,,,,,,,,,,,,,,,,,,,,,,,    十一、饮料制造业,,,    十二、烟草加工业,,,    十三、饲料工业,,,    十四、纺织业,,,,,,    十五、缝纫业,,,    十六、皮革、毛皮,,,    十七、木材加工及竹,,,    十八、家具制造业,,,,,,,,,,,,,,,,,,,,,,,,,,,,,,,,,,,,,,,,,,,,,,,,,,,,,,,,,,,,,,,,,,,,,,,,,,,,,,,,,    三十九、仪器仪表及,,,    四十、其他工业,,,    Ⅲ、地质普查和勘探业,,,    一、地质普查和勘探业,,,,,,    Ⅳ、建筑业,,,    一、土木工程建筑业,,,    二、线路、管道和,,,    三、勘察设计业,,,,,,,,,,,,,,,,,,,,,    一、商业,,,    二、公共饮食业,,,    三、物资供销业,,,    四、仓储业,,,,,,,,,,,,,,,,,,,
,    在业人口总计,,,    Ⅰ、农、林、牧、渔、水利业,,,    一、农业,,,,,    地区别,,,,,,,,,,,,,,,,    六、农、林、牧、,,,    Ⅱ、工业,,,    一、煤炭采选业,,,    二、石油和天然气,,,,,,    三、黑色金属矿采选业,,,    四、有色金属矿采选业,,,    五、建筑材料及其,,,    六、采盐业,,,,,,    七、其他矿采选业,,,    八、木材及竹材采运业,,,    九、自来水生产和,,,    十、食品制造业,,,,,    地区别,,,,,,,,,,,,,,,    地区别,,,,    及其制品业,,,      藤、棕、草制品业,,,,,,,,,    十九、造纸及纸制品业,,,    二十、印刷业,,,    二十一、文教体育用品,,,    二十二、工艺美术品,,,,,,    二十三、电力、蒸汽,,,    二十四、石油加工业,,,    二十五、炼焦、煤气,,,    二十六、化学工业,,,,,,    二十七、医药工业,,,    二十八、化学纤维工业,,,    二十九、橡胶制品业,,,    三十、塑料制品业,,,,,,    三十一、建筑材料及其,,,    三十二、黑色金属,,,    三十三、有色金属,,,    三十四、金属制品业,,,,,,    三十五、机械工业,,,    三十六、交通运输,,,    三十七、电气机械及,,,    三十八、电子及通信,,,,,,    其他计量器具制造业,,,,,,,,,,,,,,    地区别,,,,,,,    设备安装业,,,,,,,,,    Ⅴ、交通运输、邮电,,,    一、交通运输业,,,    二、邮电通讯业,,,    Ⅵ、商业、公共饮食业,,,,,    地区别,,,,,,,,,,,,,,,,    Ⅶ、房地产管理、公用事业,,,    一、房地产管理业,,,    二、公用事业,,,    三、居民服务业,,,,
    地区别,,,,,,,,,,,,,  小计,    男,    女,  小计,    男,    女,小计,    男,    女,    小计,    男,    女,,,,    渔、水利服务业,,,,,,,,,    开采业,,,,,    地区别,,,,,,,    他非金属矿采选业,,,,,,,,    地区别,,,,,,,    供应业,,,,,,,,,  小计,    男,    女,  小计,    男,    女,  小计,    男,    女,    小计,    男,    女,,,,  小计,    男,    女,  小计,    男,    女,小计,    男,    女,    小计,    男,    女,,,    地区别,,,,,,,    制造业,,,    制造业,,,,,,    热水生产和供应业,,,,,,    及煤制品业,,,,,,,,    地区别,,,,,,,,,,,,,,,,    他非金属矿物制品业,,,    冶炼及压延加工业,,,    冶炼及压延加工业,,,,,,,,    地区别,,,,    设备制造业,,,    器材制造业,,,        设备制造业,,,,,    地区别,,,,,,,,,,,,,,,,  小计,    男,    女,  小计,    男,    女,小计,    男,    女,    小计,    男,    女,,,,    通讯业,,,,,,,,,    物资供销和仓储业,,,,,,  小计,    男,    女,  小计,    男,    女,  小计,    男,    女,    小计,    男,    女,,,,    居民服务和咨询服务业,,,,,,,,,,,,,
,    合计,    男,    女,  小计,    男,    女,    小计,    男,    女,,,总计,    201 801,    133 176,    68 625,    109 133,    61 947,    47 186,    230 485,    185 876,    44 609,    158 468,    125 039,    33 429,,,    地区别,,,,,,,,,,,,,,,,  小计,    男,    女,  小计,    男,    女,  小计,    男,    女,    小计,    男,    女,,,,  小计,    男,    女,  小计,    男,    女,小计,    男,    女,    小计,    男,    女,,,总计,    469 075,    272 556,    196 519,    81 392,    40 482,    40 910,    60 381,    36 534,    23 847,    1 982 118,    683 586,    1 298 532,,,总计,    815 680,    206 841,    608 839,    244 052,    93 162,    150 890,    299 475,    171 897,    127 578,    287 367,    227 084,    60 283,,,,  小计,    男,    女,  小计,    男,    女,小计,    男,    女,    小计,    男,    女,,,    地区别,,,,,,,,,,,,,,,,  小计,    男,    女,  小计,    男,    女,小计,    男,    女,    小计,    男,    女,,,    地区别,,,,,,,,,,,,,,,,  小计,    男,    女,  小计,    男,    女,  小计,    男,    女,    小计,    男,    女,,,,  小计,    男,    女,  小计,    男,    女,  小计,    男,    女,    小计,    男,    女,,,总计,  1 474 264,  1 219 283,    254 981,    1 386 177,    1 153 031,    233 146,    68 128,    51 609,    16 519,    19 959,    14 643,    5 316,,,    地区别,,,,,,,,,,,,,,,总计,  6 131 337,  3 095 749,  3 035 588,    735 138,    318 676,  416 462,    309 553,    198 345,    11 1 208,    188 421,    131 271,    57 150,,,    地区别,,,,,,,,,,,,,,
总计,    45 791 797,    27 058 094,    18 733 703,    7 610 609,    4 186 774,    3 423 835,    6 582 812,    3 445 069,    3 137 743,,,北京市,    627,    455,    172,    3 714,    2 078,    1 636,    634,    502,    132,    2 628,    2 132,    496,,,,  小计,    男,    女,  小计,    男,    女,  小计,    男,    女,    小计,    男,    女,,,总计,    81 430,    60 348,    21 082,    317 181,    228 074,    89 107,    203 956,    148 398,    55 558,    40 855,    29 687,    11 168,,,总计,    257,    184,    73,    443 800,    303 651,  140 149,    90 892,    57 337,    33 555,    1 255 616,    733 152,    522 464,,,北京市,    4 330,    2 749,    1 581,    29,    20,    9,    987,    673,    314,    12 834,    5 076,    7 758,,,北京市,    8 528,    2 624,    5 904,    705,    177,    528,    589,    435,    154,    1 729,    1 142,    587,,,总计,    400 639,    214 707,    185 932,    314 399,    132 447,    181 952,    101 777,    32 021,    69 756,    346 614,    100 055,    246 559,,,,  小计,    男,    女,  小计,    男,    女,  小计,    男,    女,    小计,    男,    女,,,总计,    147 548,    67 231,    80 317,    60 218,    32 967,    27 251,    115 187,    57 847,    57 340,    288 962,    125 738,    163 224,,,,,,,,,,,,,,,,,,总计,  1 639 585,  1 067 463,    572 122,    511 354,    349 414,  161 940,    411 264,    216 073,    195 191,    184 840,    81 702,    103 138,,,总计,    83 859,    46 414,    37 445,    63 985,    33 451,    30 534,    162 468,    125 388,    37 080,    162 468,    125 388,    37 080,,,北京市,    19 746,    16 883,    2 863,    18 160,    15 716,    2 444,    1 478,    1 089,    389,    108,    78,    30,,,,  小计,    男,    女,  小计,    男,    女,小计,    男,    女,    小计,    男,    女,,,北京市,    28 330,    13 769,    14 561,    4 538,    1 895,    2 643,    1 841,    1 205,    636,    3 222,    2174,    1 048,,,,  小计,    男,    女,  小计,    男,    女,  小计,    男,    女,    小计,    男,    女,,
北京市,    359 649,    215 189,    144 460,    33 098,        16 722,    16 376,    22 885,    9 560,    13 325,,,天津市,    36,    29,    7,    540,    353,    187,    144,    125,    19,    1 463,    1 281,    182,,,总计,    327 910,    235 667,    92 243,  16 169 129,  9 155 221,  7 013 908,    900 299,    742 311,    157 988,    62 980,    42 704,    20 276,,,北京市,    1 585,    1 332,    253,    17,    15,    2,    1 021,    789,    232,    2,    1,    1,,,北京市,-,-,-,-,-,-,    606,    414,    192,    6 958,    3 755,    3 203,,,天津市,    1 100,    747,    353,    31,    30,    1,    482,    350,    132,    11 541,    5 241,    6 300,,,天津市,    2 713,    666,    2 047,    1 462,    516,    946,    649,    407,    242,    345,    265,    80,,,北京市,    2 169,    1 316,    853,    5 294,    2 243,    3 051,    1 186,    543,    643,    2 543,    1 036,    1 507,,,总计,    548 215,    389 866,    158 349,    24 724,    15 604,    9 120,    48 405,    30 562,    17 843,    998 290,    643 966,    354 324,,,北京市,    1 134,    497,    637,    5 545,    3 165,    2 380,    2 309,    1 434,    875,    4 758,    2 285,    2 473,,,,  小计,    男,    女,  小计,    男,    女,小计,    男,    女,    小计,    男,    女,,,北京市,    20 768,    13 444,    7 324,    16 313,    10 619,    5 694,    5 629,    3 236,    2 393,    628,    275,    353,,,北京市,    2 037,    1 198,    839,    282,    108,    174,    523,    440,    83,    523,    440,    83,,,天津市,    6 638,    6 030,    608,    6 493,    5 903,    590,    143,    125,    18,    2,    2,    -,,,总计,    2 554 399,    1 976 503,    577 896,  2 226 616,  1 757 312,  469 304,    327 783,    219 191,    108 592,    7 364 449,    3 744 041,    3 620 408,,,天津市,    17 364,    9 000,    8 364,    1 353,    681,    672,    1 196,    814,    382,    1 137,    766,    371,,,总计,  1 111 428,    586 687,    524 741,94 207,    63 885,    30 322,    130 943,    71 913,    59 030,    864 070,    435 284,    428 786,,
天津市,    156 282,    96 016,    60 266,    18 702,    10 703,    7 999,    15 272,    7 935,    7 337,,,河北省,    2 180,    1 604,    576,    2 182,    1 260,    922,    2 298,    2 186,    112,    7 256,    5 726,    1 530,,,北京市,    2 610,    1 995,    615,    138 720,    78 891,    59 829,    46,    44,    2,    6,    5,    1,,,天津市,-,-,-,-,-,-,    1 745,    1 275,    470,    52,    52,-,,,天津市,-,-,-,-,-,-,    347,    251,    96,    3 540,    2 208,    1 332,,,河北省,    11 389,    6 890,    4 499,    22,    10,    12,    2 807,    1663,    1 144,    51 348,    23 524,    27 824,,,河北省,    23 350,    5 731,    17 619,    5 607,    2 306,    3 301,    3 176,    2 224,    952,    7 240,    5 623,    1 617,,,天津市,    1 086,    523,    563,    784,    281,    503,    290,    141,    149,    2 189,    836,    1 353,,,北京市,    584,    447,    137,    50,    25,    25,    261,    182,    79,    6 863,    4 321,    2 542,,,天津市,    323,    129,    194,    1,    1,    -,    240,    115,    125,    602,    275,    327,,,总计,  1 287 626,    819 802,    467 824,    278 799,    194 676,    84 123,    134 959,    90 482,    44 477,    541 074,    334 745,    206 329,,,天津市,    4 543,    3 151,    1 392,    1 449,    936,    513,    1 035,    682,    353,    1 133,    451,    682,,,天津市,    54,    33,    21,    329,    225,    104,    1 993,    1 320,    673,    1 993,    1 320,    673,,,河北省,    33 175,    28 205,    4 970,    31 550,    27 022,    4 528,    1 396,    1 047,    349,    229,    136,    93,,,北京市,    19 779,    16 078,    3 701,    17 696,    14 705,    2 991,    2 083,    1 373,    710,    37 931,    19 043,    18 888,,,河北省,    182 294,    95 005,    87 289,    13408,    6 854,    6 554,    11 151,    7 193,    3 958,    5 057,    3 303,    1 754,,,北京市,    8 636,    4 697,    3 939,    761,    549,    212,    1 695,    986,    709,    6 050,    3 071,    2 979,,
河北省,    1 801 327,    1 093 234,    708 093,    511 359,    268 727,    242 632,    485 719,    250 594,    235 125,,,山西省,    3 845,    3 041,    804,    1 694,    1 222,    472,    105,    82,    23,    4 496,    3 660,    836,,,天津市,    1 247,    980,    267,    53 750,    30 975,    22 775,    2,    2,     -,    1,    -,    1,,,河北省,    15 451,    12 488,    2 963,    4 657,    3 552,    1 105,    6 361,    5 093,    1 268,    159,    142,    17,,,河北省,-,-,-,    28,    19,    9,    1 645,    999,    646,    32 396,    19 522,    12 874,,,山西省,    6 662,    4 272,    2 390,    260,    122,    138,    1 069,    679,    390,    41 086,    18 672,    22 414,,,山西省,    10 998,    3 822,    7 176,    2 882,    1 261,    1 621,    954,    697,    257,    4 234,    3 321,    913,,,河北省,    12 783,    7 238,    5 545,    10 858,    3 933,    6 925,    851,    337,    514,    13 899,    3 873,    10 026,,,天津市,    1 834,    1 429,    405,    11,    6,    5,    47,    41,    6,    4 286,    2 889,    1 397,,,河北省,    4 103,    1 855,    2 248,    666,    354,    312,    4 062,    2 360,    1 702,    4 705,    2 098,    2 607,,,北京市,    11 878,    7 671,    4 207,    552,    428,    124,    1 837,    1 327,    510,    6 128,    3 840,    2 288,,,河北省,    61 195,    42 712,    18 483,    11 817,    8 366,    3 451,    7 280,    4 015,    3 265,    1 683,    721,    962,,,河北省,    3 036,    1 832,    1 204,    1 130,    573,    557,    9 970,    7 201,    2 769,    9 970,    7 201,    2 769,,,山西省,    38 835,    32 438,    6 397,    35 185,    29 631,    5 554,    3 402,    2 650,    752,    248,    157,    91,,,天津市,    8 314,    7 117,    1 197,    7 275,    6 448,    827,    1 039,    669,    370,    21 050,    11 261,    9 789,,,山西省,    108 004,    56 506,    51 498,    6 011,    3 364,    2 647,    16 220,    11 000,    5 220,    2 523,    1 830,    693,,,天津市,    2 484,    1 529,    955,    243,    176,    67,    474,    300,    174,    1 701,    1 003,    698,,
山西省,    1 062 203,    707 637,    354 566,    42 383,    29 336,    13 047,    26 304,    17 080,    9 224,,,内蒙古自治区,    30 090,    20 340,    9 750,    8 277,    6 124,    2 153,    1 168,    979,    189,    8 809,    6 669,    2 140,,,河北省,    11 724,    7 357,    4 367,    468 515,    291 957,    176 558,    30 459,    27 090,    3 369,    8 879,    5 217,    3 662,,,山西省,    5 917,    4 615,    1 302,    13 695,    10 643,    3 052,    3 069,    2 223,    846,    4,    2,    2,,,山西省,-,-,-,    114,    82,    32,    2 023,    1 285,    738,    16 374,    9 951,    6 423,,,内蒙古自治区,    12 550,    7 768,    4 782,    5,    1,    4,    2 712,    1 736,    976,    10 438,    3 227,    7 211,,,内蒙古自治区,    16 523,    3 333,    13 190,    9 561,    3 924,    5 637,    32 058,    16 514,    15 544,    10 710,    9 259,    1 451,,,山西省,    7 837,    4 751,    3 086,    7 065,    2 763,    4 302,    807,    435,    372,    3 861,    1 546,    2 315,,,河北省,    19 244,    14 656,    4 588,    346,    211,    135,    911,    709,    202,    41 777,    29 084,    12 693,,,山西省,    3 607,    1 620,    1 987,    3 588,    2 278,    1 310,    2 139,    1 325,    814,    3 177,    1 408,    1 769,,,天津市,    4 915,    3 769,    1 146,    638,    534,    104,    643,    485,    158,    3 308,    2 033,    1 275,,,山西省,    48 734,    34 036,    14 698,    14 949,    10 195,    4 754,    5 938,    3 713,    2 225,    1 209,    686,    523,,,山西省,    2 124,    1 174,    950,    515,    254,    261,    3 457,    2 737,    720,    3 457,    2 737,    720,,,内蒙古自治区,    57 244,    47 911,    9 333,    53 511,    44 945,    8 566,    3 067,    2 422,    645,    666,    544,    122,,,河北省,    73 236,    59 822,    13 414,    58 936,    50 756,    8 180,    14 300,    9 066,    5 234,    211 910,    112 355,    99 555,,,内蒙古自治区,    161 618,    80 461,    81 157,    17 175,    6 515,    10 660,    9 249,    5 935,    3 314,    6 718,    4 817,    1 901,,,河北省,    22 444,    12 150,    10 294,    1 799,    1 265,    534,    1 967,    1 200,    767,    18 108,    9 281,    8 827,,
内蒙古自治区,    1 270 926,    788 327,    482 599,    194 044,    120 776,    73 268,    124 316,        72 730,    51 586,,,辽宁省,    5 767,    3 691,    2 076,    4 288,    2 463,    1 825,    6 119,    5 356,    763,    4 840,    3 633,    1 207,,,山西省,    5 939,    4 251,    1 688,    453 072,    309 319,    143 753,    109 917,    92 338,    17 579,    31,    14,    17,,,内蒙古自治区,    1 713,    1 234,    479,    5 448,    4 087,    1 361,    10 932,    8 243,    2 689,    3 435,    1 976,    1 459,,,内蒙古自治区,-,-,-,    100 672,    69 692,    30 980,    2 413,    1 632,    781,    34 062,    20 703,    13 359,,,辽宁省,    17 290,    8 565,    8 725,    959,    563,    396,    2 590,    1 497,    1 093,    61 870,    23 245,    38 625,,,辽宁省,    28 096,    5 732,    22 364,    6 427,    2 604,    3 823,    4 510,    2 861,    1 649,    7 424,    5 706,    1 718,,,内蒙古自治区,    5 204,    2 940,    2 264,    5 276,    1 650,    3 626,    1 224,    493,    731,    13 601,    2 596,    11 005,,,山西省,    22 013,    15 554,    6 459,    41,    30,    11,    4 051,    3 111,    940,    43 850,    29 380,    14 470,,,内蒙古自治区,    2 215,    895,    1 320,    9,    6,    3,    974,    562,    412,    2 827,    767,    2 060,,,河北省,    31 605,    23 067,    8 538,    9 618,    7 363,    2 255,    603,    457,    146,    21 369,    14 050,    7 319,,,内蒙古自治区,    20 010,    14 221,    5 789,    6 526,    5 075,    1 451,    1 739,    978,    761,    61,    43,    18,,,内蒙古自治区,    68,    34,    34,    888,    357,    531,    4 401,    3 495,    906,    4 401,    3 495,    906,,,辽宁省,    49 215,    38 915,    10 300,    44 338,    35 348,    8 990,    4 487,    3 299,    1 188,    390,    268,    122,,,山西省,    53 639,    43 702,    9 937,    44 227,    37 669,    6 558,    9 412,    6 033,    3 379,    132 758,    72 700,    60 058,,,辽宁省,    217 492,    96 914,    120 578,    23 989,    10 087,    13 902,    17 105,    9 873,    7 232,    25 112,    16 263,    8 849,,,山西省,    15 374,    8 754,    6 620,    1 740,    1 126,    614,    1 594,    970,    624,    11 600,    6 369,    5 231,,
辽宁省,    1 780 678,    1 012 366,    768 312,    389 947,    219 501,    170 446,    357 077,    196 519,    160 558,,,吉林省,    20 844,    13 942,    6 902,    5 943,    3 674,    2 269,    1 591,    1 080,    511,    4 629,    3 557,    1 072,,,内蒙古自治区,    21 384,    13 934,    7 450,    417 868,    258 361,    159 507,    33 351,    27 510,    5 841,    28,    22,    6,,,辽宁省,    4 511,    2 972,    1 539,    27 692,    17 203,    10 489,    14 206,    9 530,    4 676,    1 951,    1 586,    365,,,辽宁省,    145,    101,    44,    14,    8,    6,    5 613,    3 529,    2 084,    38 275,    20 610,    17 665,,,吉林省,    26 181,    14 048,    12 133,    25,    13,    12,    2 818,    1 645,    1 173,    19 350,    6 208,    13 142,,,吉林省,    16 802,    3 090,    13 712,    5 329,    1 935,    3 394,    43 662,    21 926,    21 736,    8 967,    6 782,    2 185,,,辽宁省,    29 628,    16 043,    13 585,    11 958,    4 310,    7 648,    783,    359,    424,    5 207,    1 253,    3 954,,,内蒙古自治区,    18 908,    13 156,    5 752,    34,    20,    14,    1 183,    964,    219,    15 187,    9 352,    5 835,,,辽宁省,    5 422,    2 168,    3 254,    105,    73,    32,    4 030,    1 829,    2 201,    9 155,    3 850,    5 305,,,山西省,    25 807,    18 114,    7 693,    15 035,    11 340,    3 695,    3 240,    2 275,    965,    14 196,    9 332,    4 864,,,辽宁省,    79 973,    49 706,    30 267,    23 326,    15 292,    8 034,    12 515,    6 632,    5 883,    2 918,    988,    1 930,,,辽宁省,    4 229,    1 921,    2 308,    833,    456,    377,    4 366,    3 183,    1 183,    4 366,    3 183,    1 183,,,吉林省,    58 660,    44 469,    14 191,    54 061,    41 152,    12 909,    3 099,    2 122,    977,    1 500,    1 195,    305,,,内蒙古自治区,    86 125,    68 493,    17 632,    75 223,    61 554,    13 669,    10 902,    6 939,    3 963,    194 760,    97 728,    97 032,,,吉林省,    205 493,    94 469,    111 024,    19 796,    7 531,    12 265,    10 881,    6 832,    4 049,    29 378,    21 647,    7 731,,,内蒙古自治区,    31 365,    15 273,    16 092,    3 223,    2 218,    1 005,    3 642,    1 743,    1 899,    24 048,    10 996,    13 052,,
吉林省,    1 517 113,    897 129,    619 984,    166 596,    106 348,    60 248,    122 485,    76 308,    46 177,,,黑龙江省,    27 212,    17 657,    9 555,    8 715,    5 268,    3 447,    4 775,    3 712,    1 063,    7 887,    6 168,    1 719,,,辽宁省,    11 856,    7 839,    4 017,    634 182,    355 865,    278 317,    53 428,    40 610,    12 818,    227,    180,    47,,,吉林省,    1 355,    1 007,    348,    16 561,    11 835,    4 726,    8 002,    5 222,    2 780,    6,    6,-,,,吉林省,    93,    69,    24,    75 821,    51 670,    24 151,    3 067,    1 944,    1 123,    46 636,    26 835,    19 801,,,黑龙江省,    45 021,    24 714,    20 307,    5 171,    2 805,    2 366,    3 584,    2 251,    1 333,    72 119,    28 880,    43 239,,,黑龙江省,    28 163,    5 791,    22 372,    10 433,    3 834,    6 599,    54 735,    28 084,    26 651,    15 837,    12 037,    3 800,,,吉林省,    22 619,    12 019,    10 600,    11 339,    3 820,    7 519,    1 646,    690,    956,    4 278,    888,    3 390,,,辽宁省,    17 712,    13 567,    4 145,    1 057,    730,    327,    943,    550,    393,    42 439,    24 576,    17 863,,,吉林省,    13 951,    5 335,    8 616,    7 627,    4 592,    3 035,    2 034,    947,    1 087,    7 819,    2 828,    4 991,,,内蒙古自治区,    26 295,    17 139,    9 156,    1 013,    803,    210,    453,    358,    95,    7 562,    5 091,    2 471,,,吉林省,    48 626,    30 791,    17 835,    14 026,    9 648,    4 378,    8 138,    4 185,    3 953,    582,    272,    310,,,吉林省,    193,    94,    99,    1 274,    470,    804,    7 595,    5 877,    1 718,    7 595,    5 877,    1 718,,,黑龙江省,    93 052,    74 539,    18 513,    89 434,    71 690,    17 744,    2 557,    1 973,    584,    1 061,    876,    185,,,辽宁省,    107 482,    79 232,    28 250,    96 530,    72 874,    23 656,    10 952,    6 358,    4 594,    283 698,    133 137,    150 561,,,黑龙江省,    317 404,    145 313,    172 091,    36 228,    14 354,    21 874,    31 886,    19 969,    11 917,    51 142,    38 084,    13 058,,,辽宁省,    44 759,    23 902,    20 857,      9 354,    6 238,    3 116,    8 620,    5 204,    3 416,    26 147,    12 021,    14 126,,
黑龙江省,    2 462 237,    1 486 250,    975 987,    339 358,    230 889,    108 469,    274 125,    185 381,    88 744,,,上海市,    248,    166,    82,    1 361,    880,    481,    270,    202,    68,    1 334,    1 114,    220,,,吉林省,    11 104,    7 787,    3 317,    623 930,    370 294,    253 636,    62 668,    49 756,    12 912,    10 263,    6 924,    3 339,,,黑龙江省,    429,    354,    75,    7 570,    6 109,    1 461,    11 486,    8 503,    2 983,    3,    3,-,,,黑龙江省,-,-,-,    193 790,    126 113,    67 677,    4 876,    3 297,    1 579,    115 884,    68 801,    47 083,,,上海市,    2 783,    1 771,    1 012,    5,    4,    1,    901,    620,    281,    27 740,    11 879,    15 861,,,上海市,    4 779,    1 505,    3 274,    455,    237,    218,    554,    394,    160,    740,    552,    188,,,黑龙江省,    23 229,    12 280,    10 949,    14 904,    5 526,    9 378,    909,    351,    558,    7 784,    1 807,    5 977,,,吉林省,    17 567,    13 277,    4 290,    4 425,    2 825,    1 600,    588,    347,    241,    25 976,    15 777,    10 199,,,黑龙江省,    8 361,    3 757,    4 604,    49,    28,    21,    6 364,    3 055,    3 309,    12 685,    5 642,    7 043,,,辽宁省,    69 136,    40 846,    28 290,    18 306,    12 459,    5 847,    318,    180,    138,    18 961,    10 975,    7 986,,,黑龙江省,    64 816,    43 474,    21 342,    12 901,    9 125,    3 776,    13 528,    7 367,    6 161,    3 234,      1 484,    1 750,,,黑龙江省,    1 363,    752,    611,    2 692,    1 273,    1 419,    4 743,    3 790,    953,    4 743,    3 790,    953,,,上海市,    11 642,    10 122,    1 520,    10 659,    9 328,    1 331,    473,    423,    50,    510,    371,    139,,,吉林省,    93 159,    69 713,      23 446,    83 456,    63 349,    20 107,    9 703,    6 364,    3 339,    265 548,    130 479,    135 069,,,上海市,    44 366,    21 817,    22 549,    4 627,    2 052,    2 575,    3 882,    2 578,    1 304,    1 738,    1 259,    479,,,吉林省,    37 328,    18 634,    18 694,    6 538,    4 543,    1 995,    5 635,    3 497,    2 138,    24 783,    10 319,    14 464,,
上海市,    392 515,    230 472,    162 043,    7 326,    5 774,    1552,    2 712,    2 394,    318,,,江苏省,    1 563,    861,    702,    2 109,    1 246,    863,    21 176,    15 294,    5 882,    8 812,    6 764,    2 048,,,黑龙江省,    16 644,    12 703,    3 941,    924 970,    538 987,    385 983,    17 877,    14 097,    3 780,    226,    200,    26,,,上海市,    3,    3,-,    6,    5,    1,    13,    8,    5,-,-,-,,,上海市,-,-,-,    5,    2,    3,    1 260,    793,    467,    7 184,    4 366,    2 818,,,江苏省,    28 052,    17 063,    10 989,    84,    49,    35,    2 511,    1 553,    958,    278 779,    92 236,    186 543,,,江苏省,    54 295,    15 340,    38 955,    12 486,    5111,    7 375,    5 272,    3 416,    1 856,    9 831,    6 800,    3 031,,,上海市,    3 292,    1 721,    1 571,    2 399,    1 204,    1 195,    1 425,    666,    759,    2 737,    852,    1 885,,,黑龙江省,    22 462,    16 954,    5 508,    1 116,    654,    462,    2 009,    1 469,    540,    27 394,    15 429,    11 965,,,上海市,    1 469,    857,    612,    1 335,    773,    562,    1 396,    726,    670,    5 476,    2 500,    2 976,,,吉林省,    48 859,    28 576,    20 283,    10 967,    7 172,    3 795,    8 520,    5 813,    2 707,    15 270,    9 013,    6 257,,,上海市,    37 398,    24 020,    13 378,    5 083,    3 384,    1 699,    21 335,    11 559,    9 776,    5 008,    2 424,    2 584,,,上海市,    5 909,    3 329,    2 580,    1 038,    501,    537,    349,    308,    41,    349,    308,    41,,,江苏省,    53 258,    42 956,    10 302,    47 011,    37 995,    9 016,    4 840,    3 960,    880,    1 407,    1 001,    406,,,黑龙江省,    148 532,    115 184,    33 348,    132 444,    104 831,    27 613,    16 088,    10 353,    5 735,    436 660,    217 720,    218 940,,,江苏省,    347 335,    175 387,    171 948,    41 219,    18 807,    22 412,    28 028,    18 279,    9 749,    6 558,    4 154,    2 404,,,黑龙江省,    61 622,    30 323,    31 299,    8 353,    5 990,    2 363,    8 040,    5 129,    2 911,    44 545,    18 771,    25 774,,
江苏省,    2 480 263,    1 372 678,    1 107 585,    182 120,    95 830,    86 290,    137 678,    64 284,    73 394,,,浙江省,    6 188,    4 138,    2 050,    15 271,    5 271,    10 000,    33 841,    31 253,    2 588,    4 555,    3 565,    990,,,上海市,    1 401,    1 018,    383,    188 285,    108 068,    80 217,    25,    22,    3,    8,    6,    2,,,江苏省,    3 050,    2 236,    814,    416,    345,    71,    5 611,    4 066,    1 545,    1 388,    1 149,    239,,,江苏省,    3,    3,-,    108,    84,    24,    5 971,    3 583,    2 388,    78 825,    45 334,    33 491,,,浙江省,    31 981,    19 323,    12 658,    594,    330,    264,    3 854,    2 542,    1 312,    253 615,    72 355,    181 260,,,浙江省,    91 354,    20 620,    70 734,    30 596,    13 004,    17 592,    19 945,    12 941,    7 004,    26 186,    22 748,    3 438,,,江苏省,    19 875,    9 821,    10 054,    26 739,    11 434,    15 305,    4 770,    1 620,    3 150,    23 365,    8 291,    15 074,,,上海市,    3 873,    3 183,    690,    2 329,    1 581,    748,    930,    656,    274,    11 120,    7 589,    3 531,,,江苏省,    16 349,    7 273,    9 076,    6 688,    2 882,    3 806,    8 399,    3 599,    4 800,    20 153,    7 882,    12 271,,,黑龙江省,    80 416,    51 209,    29 207,    14 620,    10 466,    4 154,    417,    258,    159,    16 513,    10 754,    5 759,,,江苏省,    171 248,    105 914,    65 334,    33 704,    22 023,    11 681,    48 816,    23 963,    24 853,    27 012,    11 066,    15 946,,,江苏省,    10 658,    5 334,    5 324,    3 961,    1 769,    2 192,    2 583,    2 196,    387,    2 583,      2 196,    387,,,浙江省,    99 773,    87 884,    11 889,    94 051,    83 562,    10 489,    4 548,    3 468,    1 080,    1 174,    854,    320,,,上海市,    25 343,    18 931,    6 412,    21 729,    16 644,    5 085,    3 614,    2 287,    1 327,    54 613,    27 706,    26 907,,,浙江省,    440 763,    225 375,    215 388,    56 561,    21 273,    35 288,    17 396,    11 578,    5 818,    1 433,    1 030,    403,,,上海市,    17 845,    11 172,    6 673,    3 482,    2 545,    937,    9 259,    5 841,    3 418,    4 588,    2 449,    2 139,,
浙江省,    3 646 082,    2 097 262,    1 548 820,    942 988,    594201,    348 787,    869 215,    538 772,    330 443,,,安徽省,    5 454,    3 013,    2 441,    3 290,    1 731,    1 559,    10 572,    6 480,    4 092,    6 274,    4 734,    1 540,,,江苏省,    10 782,    7 381,    3 401,  1 172 518,    588 470,    584 048,    6 778,    6 051,    727,    64,    53,    11,,,浙江省,    1 140,    811,    329,    2 999,    2 306,    693,    17 937,    13 998,    3 939,    1 335,    1 114,    221,,,浙江省,    2,    1,    1,    28,    25,    3,    5 663,    3 995,    1 668,    82 435,    48 538,    33 897,,,安徽省,    26 848,    15 980,    10 868,    2 127,    1 145,    982,    2 590,    1 514,    1 076,    71 540,    22 709,    48 831,,,安徽省,    23 642,    6 303,    17 339,    5 090,    1 903,    3 187,    6 247,    4 122,    2 125,    12 907,    10 756,    2 151,,,浙江省,    24 822,    12 517,    12 305,    25 651,    11 736,    13 915,    14 957,    5 212,    9 745,    46 392,    14 282,    32 110,,,江苏省,    24 004,    18 613,    5 391,    1 041,    552,    489,    5 238,    2 737,    2 501,    76 054,    49 584,      26 470,,,浙江省,    13 590,    6 261,    7 329,    12 167,    5 748,    6 419,    17 153,    7 953,    9 200,    56 999,    26 119,    30 880,,,上海市,    10 976,    7 669,    3 307,    1 109,    831,    278,    5 706,    4 063,    1 643,    10 481,    5 813,    4 668,,,浙江省,    181 361,    116 543,    64 818,    34 762,    24 010,    10 752,    68 955,    36 132,    32 823,    22 843,    9 992,    12 851,,,浙江省,    18 578,    9 405,    9 173,    14 982,    9 499,    5 483,    3 613,    2 924,    689,    3 613,    2 924,    689,,,安徽省,    41 806,    35 287,    6 519,    40 188,    34 161,    6 027,    1 355,    924,    431,    263,    202,    61,,,江苏省,    160 237,    115 196,    45 041,    140 711,    102 265,    38 446,    19 526,    12 931,    6 595,    423 140,    216 627,    206 513,,,安徽省,    287 852,    142 739,    145 113,    40 507,    19 621,    20 886,    9 509,    5 885,    3 624,    3 145,    1 955,    1 190,,,江苏省,    66 333,    37 440,    28 893,    6 361,    4 327,    2 034,    10 101,    5 280,    4 821,    48 026,    26 557,    21 469,,
安徽省,    1 673 758,    957 427,    716 331,    318 720,    160 387,    158 333,    281 509,    135 996,    145 513,,,福建省,    4 205,    2 880,    1 325,    2 253,    1 280,    973,    20 762,    19 487,    1 275,    1 367,    1 105,    262,,,浙江省,    13 918,    11 202,    2 716,  1 387 502,    699 295,    688 207,    1 729,    1 430,    299,    50,    33,    17,,,安徽省,    9 569,    6 376,    3 193,    1 408,    1 029,    379,    6 588,    4 386,    2 202,    149,    96,    53,,,安徽省,-,-,-,    974,    634,    340,    2 736,    1 644,    1 092,    54 632,    31 462,    23 170,,,福建省,    11 239,    5 477,    5 762,    1 131,    617,    514,    1 22 1,    726,    495,    28 340,    6 660,    21 680,,,福建省,    30 294,    8 689,    21 605,    7 621,    2 499,    5 122,    19 403,    10 925,    8 478,    15 341,    12 957,    2 384,,,安徽省,    11 504,    5 787,    5 717,    11 627,    4 875,    6 752,    3 065,    802,    2 263,    6 343,    1 872,    4 471,,,浙江省,    28 498,    21 521,    6 977,    376,    217,    159,    3 506,    1 981,    1 525,    60 825,    38 938,    21 887,,,安徽省,    3 200,    1 438,    1 762,    298,    157,    141,    3 988,    1 820,    2 168,    8 192,    3 257,    4 935,,,江苏省,    88 853,    52 463,    36 390,    17 043,    11 998,    5 045,    3 365,    1 933,    1 432,    41 659,    23 247,    18 412,,,安徽省,    44 053,    28 134,    15 919,    14 859,    10 008,    4 851,    10 720,    5 328,    5 392,        1 084,    534,    550,,,安徽省,    2 610,    1 633,    977,    2 377,    907,    1 470,    6 036,        4 687,    1 349,    6 036,    4 687,    1 349,,,福建省,    52 233,    45 262,    6 971,    50 719,    44 104,    6 615,    1 255,    977,    278,    259,    181,    78,,,浙江省,    154 614,    126 089,    28 525,    132 014,    111 792,    20 222,    22 600,        14 297,    8 303,    516 153,    259 256,    256 897,,,福建省,    175 453,    96 206,    79 247,    20 596,    10 119,    10 477,    6 261,    4 196,    2 065,    1 370,    999,    371,,,浙江省,    102 029,    54 433,    47 596,    6 447,    4 604,    1 843,    10 765,    6 769,    3 996,    82 934,    41 663,    41 271,,
福建省,    1 193 778,    730 933,    462 845,    205 611,    124 999,    80 612,    170 897,    95878,    75 019,,,江西省,    7 311,    4 832,    2 479,    2 520,    1 297,    1 223,    4 556,    2 968,    1 588,    2 135,    1 560,    575,,,安徽省,    11 621,    8 433,    3 188,    489 438,    267 770,    221 668,    14 187,    11 973,    2 214,    408,    312,    96,,,福建省,    590,    434,    156,    127,    96,    31,    3 958,    3 180,    778,    1 936,    1 476,    460,,,福建省,-,-,-,    7 029,    5 126,    1 903,    2 555,    1 595,    960,    45 987,    28 354,    17 633,,,江西省,    13 396,    7 264,    6 132,    1 525,    674,    851,    2 942,    1 626,    1 316,    33 086,    10 664,    22 422,,,江西省,    16 601,    4 584,    12 017,    5 351,    2 049,    3 302,    16 195,    9 384,    6 811,    10 850,    8 649,    2 201,,,福建省,    14 999,    7 850,    7 149,    9 183,    3 583,    5 600,    2 042,    647,    1 395,    9 417,    4 146,    5 271,,,安徽省,    12 141,    8 785,    3 356,    19,    11,    8,    2 361,    1 068,    1 293,    32 769,    21 002,    11 767,,,福建省,    2 712,    1 116,    1 596,    78,    25,    53,    2 566,    1 218,    1 348,    11 047,    4 050,    6 997,,,浙江省,    84 476,    53 355,    31 121,    8 295,    6 170,    2 125,    9 035,    6 167,    2 868,    67 836,    39 423,    28 413,,,福建省,    25 881,    16 924,    8 957,    11 230,    8 281,    2 949,    8 157,    4 319,    3 838,    3 537,    1 453,    2 084,,,福建省,    860,    470,    390,    1 665,    989,    676,    2 508,    2 186,    322,    2 508,    2 186,    322,,,江西省,    55 343,    43 684,    11 659,    50 449,    40 083,    10 366,    4 195,    3 074,    1 121,    699,    527,    172,,,安徽省,    111 867,    84 565,    27 302,    101 518,    77 146,    24 372,    10 349,    7 419,    2 930,    341 013,    170 200,    170 813,,,江西省,    177 602,    81 342,    96 260,    20 659,    7 661,    12 998,    7 859,    4 936,    2 923,    4 810,    3 002,    1 808,,,安徽省,    51 004,    26 531,    24 473,    3 843,    2 597,    1 246,    3 357,    1 742,    1 615,    42 795,    21 534,    21 261,,
江西省,    1 227 598,    731 954,    495 644,    69 994,    38 955,    31 039,    47 396,    23 892,    23 504,,,山东省,    2 428,    1 682,    746,    5 980,    3 082,    2 898,    18 987,    14 935,    4 052,    8 100,    6 495,    1 605,,,福建省,    6 127,    4 369,    1 758,    368 403,    201 264,    167 139,    11 786,    9 112,    2 674,    3,    3,    -,,,江西省,    2 825,    1 939,    886,    57 539,    43 639,    13 900,    3 924,    2 801,    1 123,    19,    11,    8,,,江西省,-,-,-,    3 385,    2 531,    854,    3 411,    2 169,    1 242,    34 519,    19 279,    15 240,,,山东省,    43 839,    25 363,    18 476,    5 907,    3 178,    2 729,    4 538,    2 839,    1 699,    194 702,    74 144,    120 558,,,山东省,    51 397,    12 443,    38 954,    20 430,    7 822,    12 608,    4 539,    2 995,    1544,    17 700,    12 956,    4 744,,,江西省,    9 691,    5 032,    4 659,    10 280,    4 370,    5 910,    1 849,    826,    1 023,    10 302,    3 398,    6 904,,,福建省,    14 890,    9 940,    4 950,    496,    333,    163,    737,    427,    310,    19 667,    11 627,    8 040,,,江西省,    5 596,    2 450,    3 146,    413,    248,    165,    4 801,    2 545,    2 256,    5 811,    2 447,    3 364,,,安徽省,    53 810,    32 753,    21 057,    4 121,    2 652,    1 469,    1 612,    1 089,    523,    17 043,    11 514,      5 529,,,江西省,    52 184,    32 391,    19 793,    23 295,    15 652,    7 643,    9 838,    5 234,    4 604,    2 163,    1 181,    982,,,江西省,    2 608,    1 574,    1 034,    3 014,    1 853,    1161,    11 758,    8 620,    3 138,    11 758,    8 620,    3 138,,,山东省,    101 295,    84 801,    16 494,    93 320,    78 800,    14 520,    5 872,    4 567,    1 305,    2 103,    1 434,    669,,,福建省,    70 907,    58 314,    12 593,    62 895,    52 632,    10 263,    8 012,    5 682,    2 330,    203 680,    111 520,    92 160,,,山东省,    344 449,    181 974,    162 475,    37 119,    18 225,    18 894,    26 022,    16 911,    9 111,    4 443,    3 075,    1 368,,,福建省,    37 182,    21 692,    15 490,    1 428,    910,    518,    4 139,    2 036,    2 103,    31 160,    18 436,    12 724,,
山东省,    3 891 754,    2 212 568,    1 679 186,    1 336 381,    632 260,    704 121,    1 283 545,    593 418,    690 127,,,河南省,    2 956,    1 943,    1 013,    1 486,    944,    542,    1 051,    901,    150,    8 760,    6 990,    1 770,,,江西省,    6 076,    4 406,    1 670,    472 682,    275 253,    197 429,    10 049,    7 839,    2 210,    13,    9,    4,,,山东省,    10 061,    8 187,    1 874,    16 132,    12 182,    3 950,    8 910,    6 688,    2 222,    7 928,    6 495,    1 433,,,山东省,-,-,-,    12,    9,    3,    6 293,    3 865,    2 428,    89 521,    49 755,    39 766,,,河南省,    23 771,    14 117,    9 654,    3 716,    1 800,    1 916,    3 990,    1 972,    2 018,    11 1 237,    42 871,    68 366,,,河南省,    19 115,    5 545,    13 570,    12 247,    5 038,    7 209,    4 120,    2 661,    1 459,    8 968,    6 945,    2 023,,,山东省,    31 621,    17 074,    14 547,    23 079,    9 215,    13 864,    2 210,    685,    1 525,    44 502,    11 271,    33 231,,,江西省,    20 492,    13 608,    6 884,    6,    3,    3,    1 383,    754,    629,    25 322,    15 782,    9 540,,,山东省,    4 548,    2 054,    2 494,    2 605,    1 327,    1 278,    14 144,    8 176,    5 968,    15 657,    6 585,    9 072,,,福建省,    24 145,    15 257,    8 888,    5 834,    3 919,    1 915,    434,    284,    150,    10 265,    6 480,    3 785,,,山东省,    128 179,    85 439,    42 740,    27 780,    19 983,    7 797,    22 053,    12 063,    9 990,    6 055,    2 700,    3 355,,,山东省,    3 951,    2 234,    1 717,    1 299,    601,    698,    7 720,    6 019,    1 701,    7 720,    6 019,    1 701,,,河南省,    37 290,    31 712,    5 578,    34 958,    29 877,    5 081,    2 184,    1 732,    452,    148,    103,    45,,,江西省,    73 322,    54 922,    18 400,    64 225,    48 646,    15 579,    9 097,    6 276,    2 821,    210 930,    96 941,    113 989,,,河南省,    327 176,    170 442,    156 734,    35 533,    20 328,    15 205,    17 179,    10 464,    6 715,    10 634,    6 377,    4 257,,,江西省,    32 695,    16 252,    16 443,    2 388,    1 579,    809,    3 726,    1615,    2 111,    25 923,    12 565,    13 358,,
河南省,    2 348 118,    1 387 230,    960 888,    578 303,    289 045,    289 258,    547 21 1,    266 745,    280 466,,,湖北省,    4 663,    2 932,    1 731,    3 574,    1986,    1 588,    13 840,    9 022,    4 818,    11 596,    8 602,    2 994,,,山东省,    17 341,    12 648,    4 693,  1 242 511,    727 285,    515 226,    177 240,    149 535,    27 705,    7 800,    4 851,    2 949,,,河南省,    1 762,    1 516,    246,    9 836,    7 701,    2 135,    5 866,    4 805,    1 061,    67,    45,    22,,,河南省,    2,    1,    1,    13,    6,    7,    4 277,    2 345,    1 932,    50 705,    30 392,    20 313,,,湖北省,    18 595,    10 352,    8 243,    5 752,    2 424,    3 328,    2 543,    1 428,    1 115,    144 834,    48 479,    96 355,,,湖北省,    43 939,    11 084,    32 855,    7 996,    3 091,    4 905,    9 168,    5 556,    3 612,    15 684,    11 546,    4 138,,,河南省,    21 112,    11 939,    9 173,    16 879,    7 456,    9 423,    970,    387,    583,    11 905,    3 422,    8 483,,,山东省,    40 174,    29 194,    10 980,    2 041,    1 264,    777,    6 791,    4 707,    2 084,    69 863,    44 980,    24 883,,,河南省,    10 206,    4 719,    5 487,    589,    292,    297,    2 157,    1 162,    995,    9 505,    4 220,    5 285,,,江西省,    45 786,    27 226,    18 560,    467,    395,    72,    7 906,    5 057,    2 849,    13 845,    8 116,    5 729,,,河南省,    67 076,    46 393,    20 683,    17 527,    12 126,    5 401,    13 225,    7 751,    5 474,    773,    454,    319,,,河南省,    529,    284,    245,    4 351,    2 289,    2 062,    3 452,    2 921,    531,    3 452,    2 921,    531,,,湖北省,    56 828,    46 097,    10 731,    54 752,    44 533,    10 219,    1 194,    941,    253,    882,    623,    259,,,山东省,    116 500,    93 655,    22 845,    97 879,    81 559,    16 320,    18 621,    12 096,    6 525,    412 033,    220 185,    191 848,,,湖北省,    375 372,    188 777,    186 595,    41 403,    16 816,    24 587,    16 316,    9 950,    6 366,    3 922,    2 506,    1 416,,,山东省,    61 097,    31 989,    29 108,    3 286,    2 365,    921,    7 397,    4 494,    2 903,    49 173,    24 167,    25 006,,
湖北省,    2 147 340,    1 230 215,    917 125,    242 131,    130 050,    112 081,    186 728,    91 935,    94 793,,,湖南省,    7 665,    4 469,    3 196,    3 003,    1 496,    1 507,    8 362,    5 303,    3 059,    6 610,    5 235,    1 375,,,河南省,    16 839,    11 522,    5 317,    651 489,    387 133,    264 356,    26 765,    23 643,    3 122,    266,    221,    45,,,湖北省,    1 316,    1 063,    253,    3 660,    2 717,    943,    22 173,    14 767,    7 406,    1 195,    743,    452,,,湖北省,    2,    2,-,    344,    240,    104,    6 132,    3 605,    2 527,    55 671,    31 622,    24 049,,,湖南省,    14 494,    8 649,    5 845,    7 945,    3 867,    4 078,    2 564,    1 582,    982,    58 748,    21 051,    37 697,,,湖南省,    27 447,    6 183,    21 264,    9 643,    3 341,    6 302,    12 405,    6 887,    5 518,    9 615,    7 435,    2 180,,,湖北省,    17 941,    8 705,    9 236,    18 090,    7 490,    10 600,    1 369,    593,    776,    8 121,    2 828,    5 293,,,河南省,    32 223,    22 949,    9 274,    1 685,    1 142,    543,    1 357,    917,    440,    59 181,    41 670,    17 511,,,湖北省,    5 201,    2 274,    2 927,    746,    276,    470,    2 898,    1 343,    1 555,    14 558,    5 821,    8 737,,,山东省,    69 340,    46 307,    23 033,    15 425,    11 083,    4 342,    3 586,    2 467,    1 119,    40 659,    24 569,    16 090,,,湖北省,    81 407,    50 274,    31 133,    40 925,    25 558,    15 367,    14 146,    7 500,    6 646,    8 180,    4 463,    3 717,,,湖北省,    2 828,    1 777,    1 051,    4 653,    1 773,    2 880,    3 769,    2 923,    846,    3 769,    2 923,    846,,,湖南省,    41 146,    33 841,    7 305,    39 424,    32 522,    6 902,    975,    773,    202,    747,    546,    201,,,河南省,    123 332,    95 117,    28 215,    108 018,    85 249,    22 769,    15 314,    9 868,    5 446,    390 522,    207 611,    182 911,,,湖南省,    280 635,    130 310,    150 325,    28 528,    10 457,    18 071,    8 932,    5 593,    3 339,    3 126,    2 156,    970,,,河南省,    48 683,    27 084,    21 599,    5 656,    3 761,    1 895,    3 272,    1 923,    1 349,    37 996,    20 196,    17 800,,
湖南省,    1 802 758,    1 086 726,    716 032,    140 995,    82 868,    58 127,    100 339,    55 201,    45 138,,,广东省,    19 534,    13 175,    6 359,    9 539,    5 875,    3 664,    60 085,    50 390,    9 695,    16 429,    13 657,    2 772,,,湖北省,    21 730,    15 573,    6 157,    758 378,    396 037,    362 341,    13 933,    11 363,    2 570,    234,        138,    96,,,湖南省,    2 784,    1 946,    838,    34 108,    24 666,    9 442,    14 718,    10 712,    4 006,    3,    2,    1,,,湖南省,    3,    2,    1,    6 537,    4 611,    1 926,    3 525,    2 155,    1 370,    40 248,    24 479,    15 769,,,广东省,    23 776,    13 348,    10 428,    4 480,    1 961,    2 519,    4 225,    2 888,    1 337,    1 59 768,    46 482,    113 286,,,广东省,    171 625,    38 938,    132 687,    47 637,    13 225,    34 412,    23 181,    15 596,    7 585,    42 316,    33 616,8 700,,,湖南省,    26 803,    15 009,    11 794,    15 981,    6 955,    9 026,    2 113,    782,    1 331,    9 036,    2 885,    6 151,,,湖北省,    19 604,    13 641,    5 963,    89,    49,    40,    2 131,    1 247,    884,    56 465,    35 822,    20 643,,,湖南省,    2 906,    1 435,    1 471,    2 821,    1 732,    1 089,    4 242,    2 107,    2 135,    7 684,    3 071,    4 613,,,河南省,    54 883,    38 749,    16 134,    16 121,    12 146,    3 975,    4 229,    3 005,    1 224,    18 283,    12 037,    6 246,,,湖南省,    60 836,    38 787,    22 049,    19 238,    13 989,    5 249,    21 289,    11 575,    9 714,    4 302,    2 224,    2 078,,,湖南省,    956,    597,    359,    2 300,    987,    1 313,    7 873,    6 104,    1 769,    7 873,    6 104,    1 769,,,广东省,    139 298,    121 907,    17 391,    133 220,    117 177,    16 043,    4 959,    3 930,    1 029,    1 119,    800,    319,,,湖北省,    112 477,    87 196,    25 281,    96 236,    75 818,    20 418,    16 241,    11 378,    4 863,    437 013,    218 049,    218 964,,,广东省,    659 705,    387 204,    272 501,    75 757,    37 577,    38 180,    13 925,    9 146,    4 779,    2 909,    2 017,    892,,,湖北省,    57 094,    27 879,    29 215,    3 844,    2 430,    1 414,    5 444,    2 602,    2 842,    46 616,    21 907,    24 709,,
广东省,    3 886 322,    2 273 516,    1 612 806,    538 043,    323 757,    214 286,    412 519,    225 864,    186 655,,,广西壮族自治区,    10 802,    6 570,    4 232,    4 680,    2 668,    2 012,    7 585,    5 247,    2 338,    5 418,    4 604,    814,,,湖南省,    15 016,    11 164,    3 852,    700 984,    421 232,    279 752,    66 680,    55 575,    11 105,    34,    22,    12,,,广东省,    3 422,    2 407,    1 015,    10 695,    7 983,    2 712,    15 477,    11 824,    3 653,    2 966,    1 995,    971,,,广东省,    1,    1,-,    3 990,    2 977,    1 013,    8 645,    5 506,    3 139,    112 853,    68 706,    44 147,,,广西壮族自治区,    11 055,    6 240,    4 815,    5 052,    2 240,    2 812,    1 358,    782,    576,    29 907,    10 333,    19 574,,,广西壮族自治区,    21 093,    5 543,    15 550,    4 575,    1 699,    2 876,    8 426,    5 010,    3 416,    8 772,    6 616,    2 156,,,广东省,    33 048,    16 417,    16 631,    23 314,    10 834,    12 480,    53 503,    14 029,    39 474,    82 719,    20 921,    61 798,,,湖南省,    23 167,    15 657,    7 510,    664,    349,    315,    1 896,    1 248,    648,    66 884,    44 481,    22 403,,,广东省,    11 080,    5 275,    5 805,    6 512,    4 073,    2 439,    14 318,    6 793,    7 525,    56 594,    27 330,    29 264,,,湖北省,    63 366,    38 565,    24 801,    8 245,    5 566,    2 679,    3 955,    2 467,    1 488,    30 289,    17 785,    12 504,,,广东省,    83 068,    53 932,    29 136,    27 915,    21 884,    6 031,    67 801,    31 314,    36 487,    45 889,    13 590,    32 299,,,广东省,    2 998,    1 536,    1 462,    4 308,    2 418,    1 890,    5 633,    4 713,    920,    5 633,    4 713,    920,,,广西壮族自治区,    48 159,    38 383,    9 776,    46 237,    36 986,    9 251,    1 148,    813,    335,    774,    584,    190,,,湖南省,    111 669,    86 525,    25 144,    96 707,    76 499,    20 208,    14 962,    10 026,    4 936,    321 221,    148 516,    172 705,,,广西壮族自治区,    251 804,    120 081,    131 723,    38 296,    14 008,    24 288,    6 742,    4 448,    2 294,    1 497,    969,    528,,,湖南省,    43 367,    20 186,    23 181,    2 651,    1 635,    1 016,    4 251,    2 228,    2 023,    35 605,    15 732,    19 873,,
广西壮族自治区,    1 558 964,    916 368,    642 596,    239 024,    125 043,    113 981,    196 636,    95 548,    101 088,,,海南省,    6 259,    4 074,    2 185,    958,    537,    421,    7 168,    6 357,    811,    2 729,    2 072,    657,,,广东省,    19 937,    14 796,    5 141,  1 463 940,    708 601,    755 339,    12 445,        11 186,    1 259,    171,    134,    37,,,广西壮族自治区,    4 184,    2 510,    1 674,    14 594,    10 398,    4 196,    3 406,    2 515,    891,    1 458,    1 282,    176,,,广西壮族自治区,    1,    1,-,    2 392,    1 698,    694,    3 274,    2 249,    1 025,    59 805,    35 276,    24 529,,,海南省,    1 410,    657,    753,    709,    384,    325,    77,    47,    30,    2 131,    653,    1 478,,,海南省,    4 444,    1 668,    2 776,    328,    117,      211,    997,    777,    220,    4 564,    3 870,    694,,,广西壮族自治区,    14 006,    7 524,    6 482,    9 950,    4 669,    5 281,    788,    315,    473,    9 271,    3 380,    5 891,,,广东省,    47 011,    34 415,    12 596,    151,    97,    54,    1 474,    1 010,    464,    48 256,    31 268,    16 988,,,广西壮族自治区,    6 514,    2 970,    3 544,    2 676,    1 645,    1 031,    1 173,    670,    503,    5 429,    2 248,    3 181,,,湖南省,    83 277,    51 861,    31 416,    8 213,    6 200,    2 013,    7 653,    5 385,    2 268,    17 222,    10 751,    6 471,,,广西壮族自治区,    32 197,    21 719,    10 478,    11 043,    8 266,    2 777,    4 553,    2 629,    1 924,    2 042,    1 149,    893,,,广西壮族自治区,    446,    292,    154,    1 229,    677,    552,    7 461,    5 880,    1 581,    7 461,    5 880,    1 581,,,海南省,    13 742,    11 601,    2 141,    13 442,    11 367,    2 075,    243,    196,    47,    57,    38,    19,,,广东省,    200 611,    160 595,    40 016,    175 554,    142 969,    32 585,    25 057,    17 626,    7 431,    752 296,    435 944,    316 352,,,海南省,    81 883,    38 198,    43 685,    8 978,    3 859,    5 119,    1 991,    1 179,    812,    418,    247,    171,,,广东省,    119 441,    67 216,    52 225,    9 894,    6 545,    3 349,    10 471,    4 735,    5 736,    95 780,    53 687,    42 093,,
海南省,    351 760,    215 155,    136 605,    39 341,    23 016,    16 325,    18 861,    7 706,    11 155,,,四川省,    7 851,    5 403,    2 448,    4 284,    2 438,    1 846,    2 321,    1 704,    617,    8 396,    6 527,    1 869,,,广西壮族自治区,    13 903,    10 406,    3 497,    436 056,    253 170,    182 886,    3 388,    2 799,    589,    740,    581,    159,,,海南省,    147,    61,    86,    2 190,    1 408,    782,    1 204,    999,    205,    1 213,    782,    431,,,海南省,    2,    1,    1,    113,    82,    31,    1 064,    579,    485,    17 177,    10 601,    6 576,,,四川省,    47 947,    30 201,    17 746,    7 907,    3 601,    4 306,    5 568,    3 189,    2 379,    202 556,    69 154,    133 402,,,四川省,    48 989,    14 390,    34 599,    14 165,    6 303,    7 862,    12 294,    7 523,    4 771,    13 508,    10 067,    3 441,,,海南省,    1 130,    626,    504,    1 604,    728,    876,    150,    33,    117,    1 112,    455,    657,,,广西壮族自治区,    20 832,    15 019,    5 813,    1 629,    1 040,    589,    966,    555,    411,    38 582,    24 502,    14 080,,,海南省,    404,    161,    243,    969,    523,    446,    715,    247,    468,    242,    123,    119,,,广东省,    122 393,    78 923,    43 470,    10 848,    7 965,    2 883,    4 995,    3 393,    1 602,    68 072,    42 411,    25 661,,,海南省,    5 846,    4 130,    1 716,    1 823,    1 403,    420,    184,    107,    77,    678,    280,    398,,,海南省,    36,    25,    11,    534,    346,    188,    469,    394,    75,    469,    394,    75,,,四川省,    109 324,    87 335,    21 989,    102 044,    82 061,    19 983,    5 270,    3 795,    1 475,    2 010,    1 479,    531,,,广西壮族自治区,    121 082,    89 536,    31 546,    108 607,    80 565,    28 042,    12 475,    8 971,    3 504,    298 339,    139 506,    158 833,,,四川省,    534 549,    257 667,    276 882,    75 900,    30 593,    45 307,    19 659,    12 535,    7 124,    6 292,    4 421,    1 871,,,广西壮族自治区,    42 688,    23 017,    19 671,    1 730,    1 224,    506,    5 912,    3 056,    2 856,    34 531,    18 378,    16 153,,
四川省,    3 438 792,    2 034 174,    1 404 618,    147 749,    81 275,    66 474,    100 823,    47 665,    53 158,,,贵州省,    5 069,    2 791,    2 278,    879,    483,    396,    368,    285,    83,    1 468,    1 153,    315,,,海南省,    3 366,    2 270,    1 096,    72 214,    44 137,    28 077,    207,    183,    24,    24,    15,    9,,,四川省,    3 011,    2 374,    637,    6 046,    4 380,    1 666,    16 848,    11 638,    5 210,    6 485,    4 366,    2 119,,,四川省,-,-,-,    36 463,    29 204,    7 259,    6 788,    4 107,    2 681,    119 699,    68 536,    51 163,,,贵州省,    15 090,    9 118,    5 972,    7 623,    4 026,    3 597,    1 094,    635,    459,    10 210,    3 747,    6 463,,,贵州省,    13 026,    4 297,    8 729,    3 271,    1 395,    1 876,    2 675,    1 493,    1 182,    3 228,    2 654,    574,,,四川省,    36 617,    20 668,    15 949,    29 134,    13 588,    15 546,    2 544,    1 134,    1 410,    7 969,    3 077,    4 892,,,海南省,    5 989,    3 933,    2 056,-,-,-,    332,    180,    152,    1 688,    1 002,    686,,,四川省,    10 734,    5 686,    5 048,    2 423,    1 376,    1 047,    5 004,    2 688,    2 316,    14 964,    6 727,    8 237,,,广西壮族自治区,    63 762,    39 405,    24 357,    8 854,    5 857,    2 997,    5 862,    3 979,    1 883,    10 772,    6 888,    3 884,,,四川省,    152 139,    98 323,    53 816,    73 521,    48 285,    25 236,    17 263,    9 979,    7 284,    18 312,    10 706,    7 606,,,四川省,    9 430,    5 846,    3 584,    5 071,    2 409,    2 662,    15 807,    12 012,    3 795,    15 807,    12 012,    3 795,,,贵州省,    33 858,    27 411,    6 447,    32 551,    26 474,    6 077,    445,    362,    83,    862,    575,    287,,,海南省,    20 116,    15 391,    4 725,    16 721,    12 904,    3 817,    3 395,    2 487,    908,    93 270,    43 483,    49 787,,,贵州省,    119 665,    57 598,    62 067,    15 187,    5 145,    10 042,    2 027,    1 345,    682,    2 152,    1 361,    791,,,海南省,    9 635,    5 204,    4 431,    648,    414,    234,    1 097,    331,    766,    7 837,    4 416,    3 421,,
贵州省,    913 326,    536 692,    376 634,    226 486,    114 495,    11 1 991,    207 963,    101 912,    106 051,,,云南省,    6 366,    4 074,    2 292,    2 488,    1 441,    1047,    1 306,    936,    370,    2 602,    2 059,    543,,,四川省,    24 074,    17 538,    6 536,  1 402 325,    818 712,    583 613,    108 739,    85 982,    22 757,    9 236,    6 483,    2 753,,,贵州省,    717,    456,    261,    11 345,    8 130,    3 215,    2 324,    1 596,    728,-,-,-,,,贵州省,-,-,-,    531,    392,    139,    1 496,    915,    581,    15 139,    8 428,    6 711,,,云南省,    10 852,    5 954,    4 898,    12 954,    7 127,    5 827,    616,    350,    266,    1 5 703,    5 109,    10 594,,,云南省,    18 871,    5 612,    13 259,    4 568,    1928,    2 640,    6 707,    4 222,    2 485,    11 461,    8 880,    2 581,,,贵州省,    5 500,    3 236,    2 264,    3 206,    1 403,    1 803,    819,    329,    490,    1 163,    583,    580,,,四川省,    51 583,    34 206,    17 377,    1 855,    1 128,    727,    5 399,    3 036,    2 363,    96 451,    61 487,    34 964,,,贵州省,    317,    161,    156,    80,    26,    54,    2 646,    1 332,    1 314,    873,    300,    573,,,海南省,    7 953,    4 861,    3 092,    782,    552,    230,    113,    62,    51,    1 929,    1 476,    453,,,贵州省,    11 941,    8 072,    3 869,    19 520,    12 878,    6 642,    5 520,    3 194,    2 326,    7 343,    4 156,    3 187,,,贵州省,    1 706,    975,    731,    1 219,    605,    614,    4 330,    2 945,    1 385,    4 330,    2 945,    1 385,,,云南省,    84 313,    68 218,    16 095,    81 628,    66 261,    15 367,    1 459,    1 009,    450,    1 226,    948,    278,,,四川省,    241 802,    182 152,    59 650,    216 337,    165 253,    51 084,    25 465,    16 899,    8 566,    636 400,    305 216,    331 184,,,云南省,    155 165,    75 050,    80 115,    29 667,    9 646,    20 021,    8 431,    5 558,    2 873,    904,    588,    316,,,四川省,    88 070,    42 860,    45 210,    6 124,    3 813,    2 311,    8 735,    4 728,    4 007,    71 968,    33 459,    38 509,,
云南省,    1 723 455,    995 898,    727 557,    513 424,    242 515,    270 909,    485 944,    223 425,    262 519,,,西藏自治区,    131,    97,    34,    416,    236,    180,      -,       -,    -,    48,    43,    5,,,贵州省,    10 739,    7 871,    2 868,    227 297,    137 815,    89 482,    11 985,    10 221,    1 764,    831,    587,    244,,,云南省,    3 598,    2 544,    1 054,    47 653,    30 977,    16 676,    5 119,    3 277,    1 842,    5 519,    3 656,    1 863,,,云南省,    1,-,    1,    7 252,    5 111,    2 141,    1 624,    1 131,    493,    35 834,    18 282,    17 552,,,西藏自治区,    25,5,    20,-,-,-,-,-,-,    1 243,    532,    711,,,西藏自治区,    315,    164,    151,    35,    22,    13,    108,    96,    12,    394,    351,    43,,,云南省,    6 402,    3 547,    2 855,    6 890,    3 117,    3 773,    295,    118,    177,    1 558,    621,    937,,,贵州省,    13 674,    9 022,    4 652,    2,    2,-,    172,    100,    72,    16 974,    11 117,    5 857,,,云南省,    2 342,    978,    1 364,    2 174,    1 343,    831,    4 641,    2 329,    2 312,    3 240,    1 247,    1 993,,,四川省,    98 402,    62 518,    35 884,    42 306,    28 643,    13 663,    14 056,    9 456,    4 600,    40 899,    26 248,    14 651,,,云南省,    29 872,    19 181,    10 691,    11 210,    7 890,    3 320,    3 804,    2 148,    1 656,    91,    69,    22,,,云南省,    112,    63,    49,    1 533,    834,    699,11 529,    8 493,    3 036,    11 529,    8 493,    3 036,,,西藏自治区,    3 793,    3 273,    520,    3 751,    3 239,    512,-,-,-,    42,    34,    8,,,贵州省,    43 458,    34 775,    8 683,    36 328,    29 773,    6 555,    7 130,    5 002,    2 128,    139 031,    65 449,    73 582,,,西藏自治区,    3 646,    2 065,    1 581,    496,    271,    225,    430,    281,    149,    105,    74,    31,,,贵州省,    19 709,    11 859,    7 850,    470,    341,    129,    1 858,    845,    1 013,    17 100,    10 453,    6 647,,
西藏自治区,    42 368,    26 944,    15 424,    9 585,    4 811,    4 774,    8 397,    4 034,    4 363,,,陕西省,    4 852,    3 911,    941,    1 208,    813,    395,    427,    385,    42,    8 090,    6 662,    1 428,,,云南省,    14 718,    10 580,    4 138,    442 449,    266 853,    175 596,    33 689,    25 122,    8 567,    6,    4,    2,,,西藏自治区,    264,    149,    115,    5,    4,    1,    44,    43,    1,-,-,-,,,西藏自治区,-,-,-,    690,    429,    261,    52,    33,    19,    373,    240,    133,,,陕西省,    11 166,    7 016,    4 150,    6 011,    2 816,    3 195,    1 127,    722,    405,    43 537,    17 596,    25 941,,,陕西省,    14 138,    4 943,    9 195,    1 439,    677,    762,    3 898,    2 577,    1 321,    6 396,    4 688,    1 708,,,西藏自治区,-,-,-,    71,    37,    34,-,-,-,    689,    228,    461,,,云南省,    20 121,    13 534,    6 587,    3,    3,-,    1 305,    905,    400,    41 805,      26 389,    15 416,,,西藏自治区,    8,    5,    3,-,-,-,    3,    3,      -,    1,    1,    -,,,贵州省,    17 257,    10 958,    6 299,    2 153,    1 461,    692,    6 044,    3 989,    2 055,    8 583,    5 826,    2 757,,,西藏自治区,    69,    50,    19,    369,    270,    99,    7,     7,        -,    2,    2,    -,,,西藏自治区,-,-,-,    5,    4,    1,    63,    40,    23,    63,    40,    23,,,陕西省,    61 421,    48 686,    12 735,    56 225,    44 893,    11 332,    4 494,    3 255,    1 239,    702,    538,    164,,,云南省,    100 690,    78 396,    22 294,    86 623,    68 853,    17 770,    14 067,    9 543,    4 524,    194 167,    90 842,    103 325,,,陕西省,    127 846,    69 080,    58 766,    15 274,    6 984,    8 290,    8 755,    6 191,    2 564,    2 884,    2 114,    770,,,云南省,    32 218,    16 594,    15 624,    856,    559,    297,    4 058,    1 703,    2 355,        26 858,    13 983,    12 875,,
陕西省,    1 198 662,    791 759,    406 903,    64 725,    43 198,    21 527,    35 957,    20 690,    15 267,,,甘肃省,    3 284,    2 564,    720,    914,    719,    195,    209,    172,    37,    6 203,    4 882,    1 321,,,西藏自治区,    593,    401,    192,    5 871,    3 360,    2 511,    4,    4,       -,    1,    1,    -,,,陕西省,    61,    43,    18,    13 546,    9 700,    3 846,    5 545,    4 655,    890,    375,    340,    35,,,陕西省,    1,    1,-,    2 906,    2 480,    426,    2 565,    1 764,    801,    21 109,    13 153,    7 956,,,甘肃省,    2 837,    1 747,    1 090,    583,    248,    335,    496,    327,    169,    6 864,    2 368,    4 496,,,甘肃省,    5 863,    1 424,    4 439,    2 318,    1 086,    1 232,    1 309,    831,    478,    3 041,    2 486,    555,,,陕西省,    9 154,    5 383,    3 771,    6 139,    2 685,    3 454,    663,    274,    389,    4 375,    1 010,    3 365,,,西藏自治区,    519,    323,    196,-,-,-,    1,    1,    -,    246,    135,    111,,,陕西省,    7 924,    4 078,    3 846,    49,    23,    26,    1 909,    1 069,    840,    3 070,    1 233,    1 837,,,云南省,    24 263,    15 733,    8 530,    30 377,    19 335,    11 042,    17 986,    11 291,    6 695,    10 398,    6 892,    3 506,,,陕西省,    83 868,    57 190,    26 678,    28 083,    18 596,    9 487,    14 848,    8 904,    5 944,    13 265,    7 728,    5 537,,,陕西省,    2 245,    1 393,    852,    1 065,    397,    668,    8 333,    6 783,    1 550,    8 333,    6 783,    1 550,,,甘肃省,    17 159,    14 138,    3 021,    16 569,    13 680,    2 889,    222,    189,    33,    368,    269,    99,,,西藏自治区,    3 221,    2 440,    781,    2 542,    1 994,    548,    679,    446,    233,    4 677,    2 691,    1 986,,,甘肃省,    60 848,    32 362,    28 486,    6 480,    3 047,    3 433,    3 755,    2 512,    1 243,    1 947,    1 379,    568,,,西藏自治区,    1 012,    492,    520,    1,    1,     -,    20,    12,    8,    991,    479,    512,,
甘肃省,    553 018,    362 214,    190 804,    32 148,    22 177,    9 971,    13 678,    7 818,    5 860,,,青海省,    435,    321,    114,    1 549,    880,    669,    27,    20,7,    875,    684,    191,,,陕西省,    14 191,    10 737,    3 454,    490 633,    318 379,    172 254,    52 957,    45 793,    7 164,    6 887,    4 968,    1 919,,,甘肃省,    164,    138,    26,    4 685,    3 519,    1 166,    2 371,    1 595,    776,    103,    80,    23,,,甘肃省,    1,    1,-,    136,    103,    33,    1 044,    669,    375,    13 542,    7 882,    5 660,,,青海省,    1 123,    709,    414,    260,    140,    120,    135,    89,    46,    6 080,    2 017,    4 063,,,青海省,    1 836,    678,    1 158,    821,    348,    473,    94,    78,    16,    1 520,    1 356,    164,,,甘肃省,    2 426,    1 355,    1 071,    2 914,    1 176,    1738,    404,    167,    237,    6 764,    1 490,    5 274,,,陕西省,    16 395,    11 500,    4 895,    2 168,    1 402,    766,    697,    492,    205,    37 604,    26 310,    11 294,,,甘肃省,    1 214,    609,    605,    1,    -,    1,    300,    108,    192,    1 419,    486,    933,,,西藏自治区,    191,    103,    88,    37,    31,    6,    3,    2,    1,    97,    85,    12,,,甘肃省,    23 402,    16 063,    7 339,    1 838,    1 360,    478,    930,    444,    486,    4 709,    2 536,    2 173,,,甘肃省,    1 500,    929,    571,    603,    321,    282,    8 406,    6 612,    1 794,    8 406,    6 612,    1 794,,,青海省,    14 035,    12 159,    1 876,    13 657,    11 861,    1 796,    316,    256,    60,    62,    42,    20,,,陕西省,    67 625,    53 023,    14 602,    56 083,    44 604,    11 479,    11 542,    8 419,    3 123,    154 759,    84 369,    70 390,,,青海省,    15 057,    7 785,    7 272,    2 978,    1 247,    1 731,    626,    426,    200,    509,    347,    162,,,陕西省,    24 343,    12 376,    11 967,    1 828,    1 261,    567,    2 250,    1 368,    882,    19 183,    9 073,    10 110,,
青海省,    177 685,    113 571,    64 114,    14 192,    8 175,    6 017,    8 986,    4 675,    4 311,,,宁夏回族自治区,    790,    378,    412,    679,    399,    280,    228,    138,    90,    1 445,    1 148,    297,,,甘肃省,    7 860,    6 022,    1 838,    19 1 886,    120 113,    71 773,    10 808,    9 164,    1 644,    11 940,    8 506,    3 434,,,青海省,    2,    2,-,    357,    277,    80,    1 868,    1 250,    618,    1 723,    1 244,    479,,,青海省,-,-,-,    2,    2,    -,    274,    194,    80,    3 951,    2 362,    1 589,,,宁夏回族自治区,    507,    243,    264,    362,    186,    176,    246,    149,    97,    4 780,    1 621,    3159,,,宁夏回族自治区,    3 101,    807,    2 294,    1 413,    483,    930,    204,    106,    98,    1 257,    966,    291,,,青海省,    306,    173,    133,    670,    240,    430,    32,    12,    20,    1 890,    349,    1 541,,,甘肃省,    13 592,    9 120,    4 472,    2 271,    1 523,    748,    1 059,    794,    265,    16 519,    10 611,    5 908,,,青海省,    272,    127,    145,    4,    1,    3,    47,    27,    20,    546,    193,    353,,,陕西省,    33 745,    24 500,    9 245,    13 604,    9 824,    3 780,    4 141,    2 576,    1 565,    11 958,    7 880,    4 078,,,青海省,    5 547,    3 486,    2 061,    820,    641,    179,    436,    277,        159,    20,    18,    2,,,青海省,    8,    7,    1,    121,    78,    43,    3 917,    3 218,    699,    3 917,    3 218,    699,,,宁夏回族自治区,    9 236,    7 393,    1 843,    6 568,    5 446,    1 122,    2 551,    1 863,    688,    117,    84,    33,,,甘肃省,    49 151,    37 082,    12 069,    43 245,    32 985,    10 260,    5 906,    4 097,    1 809,    73 030,    39 300,    33 730,,,宁夏回族自治区,    17 798,    7 935,    9 863,    1 852,    803,    1 049,    402,    276,    126,    1 143,    803,    340,,,甘肃省,    10 873,    5 213,    5 660,    590,    403,    187,    655,    369,    286,    9 392,    4 255,    5 137,,
宁夏回族自治区,    205 694,    126 322,    79 372,    14 721,    8 657,    6 064,    8 583,    4 456,    4 127,,,新疆维吾尔自治区,    3 146,    2 143,    1 003,    5 339,    3 803,    1 536,    510,    375,    135,    3 214,    2 558,    656,,,青海省,    2 320,    1 595,    725,    61 751,    37 683,    24 068,    7 229,    6 219,    1 010,    21,    14,    7,,,宁夏回族自治区,    43,    29,    14,    18,    16,    2,    348,    310,    38,    1,    1,-,,,宁夏回族自治区,-,-,-,    2,    2,    -,    541,    344,    197,    5 038,    2 831,    2 207,,,新疆维吾尔自治区,    3 766,    2 206,    1 560,    163,    101,    62,    736,    460,    276,    16 132,    6 853,    9 279,,,新疆维吾尔自治区,    14 343,    5 292,    9 051,    9 161,    5 227,    3 934,    1 401,    1 159,    242,    6 602,    6 055,    547,,,宁夏回族自治区,    3 952,    2 135,    1 817,    1 404,    472,    932,    85,    24,    61,    848,    184,    664,,,青海省,    3 847,    2 563,    1 284,    4,    2,    2,    380,    171,    209,    5 296,    3 196,    2 100,,,宁夏回族自治区,    1 015,    532,    483,     -,     -,     -,    16,    9,    7,    1 042,    473,    569,,,甘肃省,    16 077,    11 125,    4 952,    7 326,    5 016,    2 310,    9 416,    6 510,    2 906,    9 097,    6 196,    2 901,,,宁夏回族自治区,    7 328,    4 586,    2 742,    502,    365,    137,    1 188,    633,    555,    38,    18,    20,,,宁夏回族自治区,    2 778,    1 669,    1 109,    179,    90,    89,    7 693,    5 705,    1 988,    7 693,    5 705,    1 988,,,新疆维吾尔自治区,    32 747,    27 743,    5 004,    32 022,    27 214,    4 808,    501,    375,    126,    224,    154,    70,,,青海省,    11 246,    8 920,    2 326,    9 076,    7 417,    1 659,    2 170,    1 503,    667,    19 170,    9 805,    9 365,,,新疆维吾尔自治区,    64 369,    34 918,    29 451,    15 023,    8 856,    6 167,    1 897,    1 257,    640,    2 193,    1 554,    639,,,青海省,    3 617,    1 804,    1 813,    80,    60,    20,    436,    180,    256,    3 054,    1 531,    1 523,,
新疆维吾尔自治区,    527 372,    331 868,    195 504,    51 115,    32 284,    18 831,    29 052,    16 654,    12 398,,,,,,,,,,,,,,,,,,宁夏回族自治区,    2 996,    2 138,    858,    76 447,    45 596,    30 851,    9 149,    7 207,    1 942,    4 530,    3 168,    1 362,,,新疆维吾尔自治区,    1 756,    1 122,    634,    4 176,    3 152,    1 024,    2 882,    2 407,    475,    1 380,    1 042,    338,,,新疆维吾尔自治区,-,-,-,    449,    319,    130,    1 112,    746,    366,    17 244,    10 889,    6 355,,,,,,,,,,,,,,,,,,,,,,,,,,,,,,,,,新疆维吾尔自治区,    1 883,    1 078,    805,    1 717,    654,    1 063,    28,    17,    11,    2 774,    675,    2 099,,,宁夏回族自治区,    5 046,    3 386,    1 660,    618,    323,    295,    163,    116,    47,    5 399,    3 370,    2 029,,,新疆维吾尔自治区,    831,    516,    315,     -,     -,      -,    519,    296,    223,    732,    272,    460,,,青海省,    6 536,    4 305,    2 231,    3 930,    2 579,    1 351,    2 597,    1 659,    938,    1 146,    600,    546,,,新疆维吾尔自治区,    6 020,    4 377,    1 643,    5 000,    3 306,    1 694,    394,    205,    189,    46,    39,    7,,,新疆维吾尔自治区,    9,    4,    5,    535,    388,    147,    2 118,    1 662,    456,    2 118,    1 662,    456,,,,,,,,,,,,,,,,,,宁夏回族自治区,    11 616,    8 923,    2 693,    9 916,    7 806,    2 110,    1 700,    1 117,    583,    21 195,    9 817,    11 378,,,,,,,,,,,,,,,,,,宁夏回族自治区,    4 628,    1 979,    2 649,    259,    170,    89,    1 081,    451,    630,    3 167,    1 262,    1 905,,
,,,,,,,,,,,,,,,,,,,,,,,,,,,新疆维吾尔自治区,    9 854,    6 751,    3 103,    151 063,    94 346,    56 717,    12 779,    10 441,    2 338,    52,    33,    19,,,,,,,,,,,,,,,,,,,,,,,,,,,,,,,,,,,,,,,,,,,,,,,,,,,,,,,,,,,,,,,,,,,,,,,,,,,,,,新疆维吾尔自治区,    10 216,    6 714,    3 502,    197,    82,    115,    134,    87,    47,      3 548,    2 296,    1 252,,,,,,,,,,,,,,,,,,宁夏回族自治区,    4 280,    2 686,    1 594,    1 088,    708,    380,    5 934,    4 289,    1 645,    2 004,    1 059,    945,,,,,,,,,,,,,,,,,,,,,,,,,,,,,,,,,,,,,,,,,,,,,,,,新疆维吾尔自治区,    33 247,    25 419,    7 828,    27 865,    21 753,    6 112,    5 382,    3 666,    1 716,    83 482,    46 585,    36 897,,,,,,,,,,,,,,,,,,新疆维吾尔自治区,    13 853,    8 153,    5 700,    330,    236,    94,    992,    576,    416,    12 411,    7 271,    5 140,,
,,,,,,,,,,,,,,,,,,,,,,,,,,,,,,,,,,,,,,,,,,,,,,,,,,,,,,,,,,,,,,,,,,,,,,,,,,,,,,,,,,,,,,,,,,,,,,,,,,,,,,,,,,,,,,,,,,,,,,,,,,,,,,,,,,,,,,,,,,,,,,,,,,,新疆维吾尔自治区,    14 944,    10 089,    4 855,    1 872,    1 180,    692,    300,    206,    94,    5 230,    4 361,    869,,,,,,,,,,,,,,,,,,,,,,,,,,,,,,,,,,,,,,,,,,,,,,,,,,,,,,,,,,,,,,,,,,,,,,,,,,,,,,,,,,,,,,,,,,,,
